[{"result": {"players": [{"account_id": 4294967295, "player_slot": 0, "hero_id": 81, "item_0": 116, "item_1": 252, "item_2": 147, "item_3": 48, "item_4": 158, "item_5": 114, "backpack_0": 0, "backpack_1": 0, "backpack_2": 0, "kills": 14, "deaths": 6, "assists": 9, "leaver_status": 0, "last_hits": 417, "denies": 18, "gold_per_min": 614, "xp_per_min": 647, "level": 25, "hero_damage": 51315, "tower_damage": 4727, "hero_healing": 0, "gold": 939, "gold_spent": 34165, "scaled_hero_damage": 23799, "scaled_tower_damage": 2354, "scaled_hero_healing": 0, "ability_upgrades": [{"ability": 5426, "time": 385, "level": 1}, {"ability": 5427, "time": 441, "level": 2}, {"ability": 5428, "time": 544, "level": 3}, {"ability": 5426, "time": 633, "level": 4}, {"ability": 5426, "time": 724, "level": 5}, {"ability": 5428, "time": 855, "level": 6}, {"ability": 5428, "time": 932, "level": 7}, {"ability": 5428, "time": 1002, "level": 8}, {"ability": 5429, "time": 1032, "level": 9}, {"ability": 5918, "time": 1163, "level": 10}, {"ability": 5426, "time": 1207, "level": 11}, {"ability": 5429, "time": 1327, "level": 12}, {"ability": 5427, "time": 1458, "level": 13}, {"ability": 5427, "time": 1462, "level": 14}, {"ability": 6145, "time": 1622, "level": 15}, {"ability": 5427, "time": 1828, "level": 16}, {"ability": 5429, "time": 1961, "level": 17}, {"ability": 5957, "time": 2189, "level": 18}, {"ability": 6619, "time": 2848, "level": 19}]}, {"account_id": 4294967295, "player_slot": 1, "hero_id": 14, "item_0": 114, "item_1": 127, "item_2": 242, "item_3": 131, "item_4": 1, "item_5": 116, "backpack_0": 0, "backpack_1": 0, "backpack_2": 0, "kills": 8, "deaths": 8, "assists": 20, "leaver_status": 0, "last_hits": 238, "denies": 4, "gold_per_min": 428, "xp_per_min": 621, "level": 25, "hero_damage": 37379, "tower_damage": 1699, "hero_healing": 400, "gold": 2065, "gold_spent": 24630, "scaled_hero_damage": 17670, "scaled_tower_damage": 881, "scaled_hero_healing": 192, "ability_upgrades": [{"ability": 5075, "time": 377, "level": 1}, {"ability": 5076, "time": 431, "level": 2}, {"ability": 5076, "time": 543, "level": 3}, {"ability": 5075, "time": 691, "level": 4}, {"ability": 5075, "time": 910, "level": 5}, {"ability": 5077, "time": 1024, "level": 6}, {"ability": 5075, "time": 1224, "level": 7}, {"ability": 5076, "time": 1309, "level": 8}, {"ability": 5076, "time": 1313, "level": 9}, {"ability": 6245, "time": 1420, "level": 10}, {"ability": 5074, "time": 1460, "level": 11}, {"ability": 5077, "time": 1614, "level": 12}, {"ability": 5074, "time": 1689, "level": 13}, {"ability": 5074, "time": 1802, "level": 14}, {"ability": 7142, "time": 1951, "level": 15}, {"ability": 5074, "time": 2048, "level": 16}, {"ability": 5077, "time": 2416, "level": 17}, {"ability": 5951, "time": 2589, "level": 18}, {"ability": 6506, "time": 3021, "level": 19}]}, {"account_id": 4294967295, "player_slot": 2, "hero_id": 10, "item_0": 176, "item_1": 116, "item_2": 147, "item_3": 63, "item_4": 26, "item_5": 5, "backpack_0": 0, "backpack_1": 0, "backpack_2": 0, "kills": 9, "deaths": 16, "assists": 7, "leaver_status": 0, "last_hits": 305, "denies": 13, "gold_per_min": 419, "xp_per_min": 572, "level": 25, "hero_damage": 28614, "tower_damage": 6890, "hero_healing": 0, "gold": 798, "gold_spent": 19825, "scaled_hero_damage": 16255, "scaled_tower_damage": 4024, "scaled_hero_healing": 0, "ability_upgrades": [{"ability": 5055, "time": 267, "level": 1}, {"ability": 5052, "time": 399, "level": 2}, {"ability": 5055, "time": 490, "level": 3}, {"ability": 5053, "time": 544, "level": 4}, {"ability": 5055, "time": 640, "level": 5}, {"ability": 5057, "time": 661, "level": 6}, {"ability": 5055, "time": 742, "level": 7}, {"ability": 5053, "time": 870, "level": 8}, {"ability": 5053, "time": 1149, "level": 9}, {"ability": 6062, "time": 1235, "level": 10}, {"ability": 5053, "time": 1327, "level": 11}, {"ability": 5057, "time": 1454, "level": 12}, {"ability": 5052, "time": 1531, "level": 13}, {"ability": 5052, "time": 1648, "level": 14}, {"ability": 5907, "time": 1771, "level": 15}, {"ability": 5052, "time": 1855, "level": 16}, {"ability": 5057, "time": 2005, "level": 17}, {"ability": 6840, "time": 2374, "level": 18}, {"ability": 7052, "time": 3312, "level": 19}]}, {"account_id": 4294967295, "player_slot": 3, "hero_id": 91, "item_0": 41, "item_1": 33, "item_2": 92, "item_3": 214, "item_4": 114, "item_5": 42, "backpack_0": 34, "backpack_1": 0, "backpack_2": 8, "kills": 3, "deaths": 15, "assists": 15, "leaver_status": 0, "last_hits": 69, "denies": 1, "gold_per_min": 264, "xp_per_min": 454, "level": 25, "hero_damage": 6719, "tower_damage": 285, "hero_healing": 15222, "gold": 1138, "gold_spent": 12275, "scaled_hero_damage": 3411, "scaled_tower_damage": 171, "scaled_hero_healing": 2987, "ability_upgrades": [{"ability": 5486, "time": 389, "level": 1}, {"ability": 5485, "time": 458, "level": 2}, {"ability": 5486, "time": 584, "level": 3}, {"ability": 5487, "time": 753, "level": 4}, {"ability": 5486, "time": 1025, "level": 5}, {"ability": 5488, "time": 1175, "level": 6}, {"ability": 5487, "time": 1665, "level": 7}, {"ability": 5486, "time": 1788, "level": 8}, {"ability": 5487, "time": 1886, "level": 9}, {"ability": 6253, "time": 1951, "level": 10}, {"ability": 5487, "time": 1991, "level": 11}, {"ability": 5488, "time": 2127, "level": 12}, {"ability": 5485, "time": 2283, "level": 13}, {"ability": 5485, "time": 2559, "level": 14}, {"ability": 6924, "time": 2659, "level": 15}, {"ability": 5485, "time": 2743, "level": 16}, {"ability": 7188, "time": 3063, "level": 17}, {"ability": 5488, "time": 3066, "level": 18}, {"ability": 6808, "time": 4038, "level": 19}]}, {"account_id": 4294967295, "player_slot": 4, "hero_id": 72, "item_0": 156, "item_1": 247, "item_2": 263, "item_3": 48, "item_4": 116, "item_5": 139, "backpack_0": 0, "backpack_1": 0, "backpack_2": 0, "kills": 9, "deaths": 10, "assists": 17, "leaver_status": 0, "last_hits": 467, "denies": 23, "gold_per_min": 537, "xp_per_min": 606, "level": 25, "hero_damage": 52544, "tower_damage": 5484, "hero_healing": 0, "gold": 1636, "gold_spent": 29715, "scaled_hero_damage": 23627, "scaled_tower_damage": 3026, "scaled_hero_healing": 0, "ability_upgrades": [{"ability": 5363, "time": 287, "level": 1}, {"ability": 5362, "time": 458, "level": 2}, {"ability": 5361, "time": 565, "level": 3}, {"ability": 5361, "time": 682, "level": 4}, {"ability": 5361, "time": 808, "level": 5}, {"ability": 5364, "time": 857, "level": 6}, {"ability": 5361, "time": 1056, "level": 7}, {"ability": 5363, "time": 1135, "level": 8}, {"ability": 5960, "time": 1314, "level": 9}, {"ability": 5363, "time": 1321, "level": 10}, {"ability": 5363, "time": 1454, "level": 11}, {"ability": 5364, "time": 1535, "level": 12}, {"ability": 5362, "time": 1567, "level": 13}, {"ability": 5362, "time": 1650, "level": 14}, {"ability": 6652, "time": 1811, "level": 15}, {"ability": 5362, "time": 1873, "level": 16}, {"ability": 5364, "time": 2243, "level": 17}, {"ability": 6653, "time": 2562, "level": 18}, {"ability": 6216, "time": 3034, "level": 19}]}, {"account_id": 4294967295, "player_slot": 128, "hero_id": 34, "item_0": 204, "item_1": 1, "item_2": 123, "item_3": 48, "item_4": 259, "item_5": 57, "backpack_0": 0, "backpack_1": 0, "backpack_2": 0, "kills": 10, "deaths": 12, "assists": 17, "leaver_status": 0, "last_hits": 278, "denies": 7, "gold_per_min": 455, "xp_per_min": 436, "level": 25, "hero_damage": 60339, "tower_damage": 153, "hero_healing": 125, "gold": 3340, "gold_spent": 23395, "scaled_hero_damage": 20322, "scaled_tower_damage": 93, "scaled_hero_healing": 121, "ability_upgrades": [{"ability": 5151, "time": 265, "level": 1}, {"ability": 5150, "time": 477, "level": 2}, {"ability": 5151, "time": 718, "level": 3}, {"ability": 5152, "time": 1017, "level": 4}, {"ability": 5152, "time": 1301, "level": 5}, {"ability": 5153, "time": 1445, "level": 6}, {"ability": 5152, "time": 1481, "level": 7}, {"ability": 5152, "time": 1536, "level": 8}, {"ability": 5151, "time": 1619, "level": 9}, {"ability": 5996, "time": 1765, "level": 10}, {"ability": 5151, "time": 1888, "level": 11}, {"ability": 5153, "time": 2071, "level": 12}, {"ability": 5150, "time": 2278, "level": 13}, {"ability": 5150, "time": 2828, "level": 14}, {"ability": 6141, "time": 2878, "level": 15}, {"ability": 5150, "time": 2905, "level": 16}, {"ability": 5153, "time": 3052, "level": 17}, {"ability": 6952, "time": 3096, "level": 18}, {"ability": 6152, "time": 4165, "level": 19}]}, {"account_id": 4294967295, "player_slot": 129, "hero_id": 1, "item_0": 139, "item_1": 208, "item_2": 145, "item_3": 147, "item_4": 114, "item_5": 48, "backpack_0": 160, "backpack_1": 0, "backpack_2": 0, "kills": 11, "deaths": 3, "assists": 17, "leaver_status": 0, "last_hits": 711, "denies": 12, "gold_per_min": 760, "xp_per_min": 704, "level": 25, "hero_damage": 55002, "tower_damage": 14976, "hero_healing": 0, "gold": 6355, "gold_spent": 40505, "scaled_hero_damage": 18747, "scaled_tower_damage": 7931, "scaled_hero_healing": 0, "ability_upgrades": [{"ability": 5003, "time": 376, "level": 1}, {"ability": 5004, "time": 456, "level": 2}, {"ability": 5003, "time": 544, "level": 3}, {"ability": 5004, "time": 626, "level": 4}, {"ability": 5003, "time": 745, "level": 5}, {"ability": 5006, "time": 800, "level": 6}, {"ability": 5004, "time": 924, "level": 7}, {"ability": 5003, "time": 1007, "level": 8}, {"ability": 5004, "time": 1068, "level": 9}, {"ability": 7314, "time": 1160, "level": 10}, {"ability": 7314, "time": 1273, "level": 11}, {"ability": 5006, "time": 1428, "level": 12}, {"ability": 7314, "time": 1499, "level": 13}, {"ability": 7314, "time": 1561, "level": 14}, {"ability": 5906, "time": 1642, "level": 15}, {"ability": 6606, "time": 1734, "level": 16}, {"ability": 5006, "time": 1978, "level": 17}, {"ability": 6012, "time": 2058, "level": 18}, {"ability": 6607, "time": 2758, "level": 19}]}, {"account_id": 211960685, "player_slot": 130, "hero_id": 86, "item_0": 176, "item_1": 116, "item_2": 63, "item_3": 273, "item_4": 232, "item_5": 108, "backpack_0": 0, "backpack_1": 218, "backpack_2": 0, "kills": 13, "deaths": 10, "assists": 21, "leaver_status": 0, "last_hits": 315, "denies": 20, "gold_per_min": 530, "xp_per_min": 661, "level": 25, "hero_damage": 38296, "tower_damage": 2351, "hero_healing": 0, "gold": 2717, "gold_spent": 30440, "scaled_hero_damage": 23070, "scaled_tower_damage": 1633, "scaled_hero_healing": 0, "ability_upgrades": [{"ability": 5450, "time": 386, "level": 1}, {"ability": 5448, "time": 416, "level": 2}, {"ability": 5450, "time": 460, "level": 3}, {"ability": 7320, "time": 515, "level": 4}, {"ability": 5450, "time": 614, "level": 5}, {"ability": 5452, "time": 691, "level": 6}, {"ability": 5450, "time": 776, "level": 7}, {"ability": 7320, "time": 833, "level": 8}, {"ability": 5448, "time": 926, "level": 9}, {"ability": 6366, "time": 971, "level": 10}, {"ability": 5448, "time": 1000, "level": 11}, {"ability": 5452, "time": 1069, "level": 12}, {"ability": 7320, "time": 1103, "level": 13}, {"ability": 7320, "time": 1249, "level": 14}, {"ability": 6197, "time": 1368, "level": 15}, {"ability": 5448, "time": 1506, "level": 16}, {"ability": 5452, "time": 1737, "level": 17}, {"ability": 6041, "time": 1860, "level": 18}, {"ability": 6870, "time": 2798, "level": 19}]}, {"account_id": 4294967295, "player_slot": 131, "hero_id": 42, "item_0": 137, "item_1": 63, "item_2": 151, "item_3": 116, "item_4": 252, "item_5": 1, "backpack_0": 182, "backpack_1": 11, "backpack_2": 0, "kills": 10, "deaths": 9, "assists": 30, "leaver_status": 0, "last_hits": 307, "denies": 12, "gold_per_min": 487, "xp_per_min": 620, "level": 25, "hero_damage": 44978, "tower_damage": 7114, "hero_healing": 3837, "gold": 2778, "gold_spent": 23830, "scaled_hero_damage": 17920, "scaled_tower_damage": 3674, "scaled_hero_healing": 1091, "ability_upgrades": [{"ability": 5086, "time": 317, "level": 1}, {"ability": 5087, "time": 453, "level": 2}, {"ability": 5088, "time": 589, "level": 3}, {"ability": 5086, "time": 687, "level": 4}, {"ability": 5088, "time": 865, "level": 5}, {"ability": 5089, "time": 921, "level": 6}, {"ability": 5086, "time": 1022, "level": 7}, {"ability": 5086, "time": 1049, "level": 8}, {"ability": 5088, "time": 1217, "level": 9}, {"ability": 5906, "time": 1239, "level": 10}, {"ability": 5088, "time": 1316, "level": 11}, {"ability": 5089, "time": 1398, "level": 12}, {"ability": 5087, "time": 1527, "level": 13}, {"ability": 5087, "time": 1684, "level": 14}, {"ability": 6145, "time": 1767, "level": 15}, {"ability": 5087, "time": 2002, "level": 16}, {"ability": 5089, "time": 2357, "level": 17}, {"ability": 6201, "time": 2568, "level": 18}, {"ability": 6566, "time": 2989, "level": 19}]}, {"account_id": 318731554, "player_slot": 132, "hero_id": 68, "item_0": 214, "item_1": 77, "item_2": 108, "item_3": 0, "item_4": 100, "item_5": 259, "backpack_0": 0, "backpack_1": 0, "backpack_2": 0, "kills": 9, "deaths": 10, "assists": 28, "leaver_status": 0, "last_hits": 50, "denies": 8, "gold_per_min": 329, "xp_per_min": 497, "level": 25, "hero_damage": 26645, "tower_damage": 418, "hero_healing": 0, "gold": 5116, "gold_spent": 13620, "scaled_hero_damage": 11619, "scaled_tower_damage": 215, "scaled_hero_healing": 0, "ability_upgrades": [{"ability": 5345, "time": 381, "level": 1}, {"ability": 5346, "time": 491, "level": 2}, {"ability": 5345, "time": 589, "level": 3}, {"ability": 5346, "time": 732, "level": 4}, {"ability": 5345, "time": 851, "level": 5}, {"ability": 5348, "time": 949, "level": 6}, {"ability": 5345, "time": 1189, "level": 7}, {"ability": 5346, "time": 1338, "level": 8}, {"ability": 5346, "time": 1448, "level": 9}, {"ability": 5989, "time": 1551, "level": 10}, {"ability": 5347, "time": 1954, "level": 11}, {"ability": 5348, "time": 2177, "level": 12}, {"ability": 5347, "time": 2323, "level": 13}, {"ability": 5347, "time": 2557, "level": 14}, {"ability": 6352, "time": 2912, "level": 15}, {"ability": 5347, "time": 2916, "level": 16}, {"ability": 5348, "time": 3113, "level": 17}, {"ability": 6534, "time": 3391, "level": 18}, {"ability": 7106, "time": 4039, "level": 19}]}], "radiant_win": false, "duration": 3875, "pre_game_duration": 90, "start_time": 1544057404, "match_id": 4256610556, "match_seq_num": 3689583934, "tower_status_radiant": 0, "tower_status_dire": 516, "barracks_status_radiant": 0, "barracks_status_dire": 3, "cluster": 251, "first_blood_time": 43, "lobby_type": 0, "human_players": 10, "leagueid": 0, "positive_votes": 0, "negative_votes": 0, "game_mode": 22, "flags": 0, "engine": 1, "radiant_score": 44, "dire_score": 54, "picks_bans": [{"is_pick": false, "hero_id": 70, "team": 0, "order": 0}, {"is_pick": false, "hero_id": 75, "team": 0, "order": 1}, {"is_pick": false, "hero_id": 12, "team": 0, "order": 2}]}}, {"result": {"players": [{"account_id": 4294967295, "player_slot": 0, "hero_id": 3, "item_0": 178, "item_1": 1, "item_2": 254, "item_3": 259, "item_4": 77, "item_5": 180, "backpack_0": 41, "backpack_1": 0, "backpack_2": 0, "kills": 3, "deaths": 3, "assists": 4, "leaver_status": 0, "last_hits": 49, "denies": 8, "gold_per_min": 619, "xp_per_min": 973, "level": 20, "hero_damage": 8703, "tower_damage": 0, "hero_healing": 0, "gold": 1732, "gold_spent": 10330, "scaled_hero_damage": 6634, "scaled_tower_damage": 0, "scaled_hero_healing": 0, "ability_upgrades": [{"ability": 5011, "time": 115, "level": 1}, {"ability": 5012, "time": 206, "level": 2}, {"ability": 5011, "time": 238, "level": 3}, {"ability": 5014, "time": 266, "level": 4}, {"ability": 5011, "time": 315, "level": 5}, {"ability": 5013, "time": 352, "level": 6}, {"ability": 5011, "time": 392, "level": 7}, {"ability": 5014, "time": 415, "level": 8}, {"ability": 5012, "time": 432, "level": 9}, {"ability": 6003, "time": 469, "level": 10}, {"ability": 5012, "time": 507, "level": 11}, {"ability": 5013, "time": 594, "level": 12}, {"ability": 5012, "time": 614, "level": 13}, {"ability": 6826, "time": 702, "level": 14}, {"ability": 5014, "time": 703, "level": 15}, {"ability": 5014, "time": 784, "level": 16}, {"ability": 5013, "time": 814, "level": 17}, {"ability": 6068, "time": 1203, "level": 18}]}, {"account_id": 4294967295, "player_slot": 1, "hero_id": 111, "item_0": 149, "item_1": 152, "item_2": 42, "item_3": 50, "item_4": 0, "item_5": 44, "backpack_0": 0, "backpack_1": 0, "backpack_2": 0, "kills": 0, "deaths": 6, "assists": 2, "leaver_status": 0, "last_hits": 34, "denies": 4, "gold_per_min": 401, "xp_per_min": 997, "level": 20, "hero_damage": 5303, "tower_damage": 294, "hero_healing": 1112, "gold": 683, "gold_spent": 7245, "scaled_hero_damage": 3470, "scaled_tower_damage": 200, "scaled_hero_healing": 384, "ability_upgrades": [{"ability": 5637, "time": 174, "level": 1}, {"ability": 5639, "time": 262, "level": 2}, {"ability": 5637, "time": 302, "level": 3}, {"ability": 5638, "time": 433, "level": 4}, {"ability": 5637, "time": 501, "level": 5}, {"ability": 5640, "time": 524, "level": 6}, {"ability": 5637, "time": 547, "level": 7}, {"ability": 5639, "time": 607, "level": 8}, {"ability": 5638, "time": 624, "level": 9}, {"ability": 5987, "time": 701, "level": 10}, {"ability": 5638, "time": 736, "level": 11}, {"ability": 5640, "time": 803, "level": 12}, {"ability": 6056, "time": 844, "level": 13}, {"ability": 5639, "time": 862, "level": 14}, {"ability": 5639, "time": 865, "level": 15}, {"ability": 5638, "time": 882, "level": 16}, {"ability": 5640, "time": 1029, "level": 17}, {"ability": 6306, "time": 1197, "level": 18}]}, {"account_id": 4294967295, "player_slot": 2, "hero_id": 100, "item_0": 44, "item_1": 214, "item_2": 92, "item_3": 188, "item_4": 218, "item_5": 5, "backpack_0": 0, "backpack_1": 0, "backpack_2": 0, "kills": 1, "deaths": 8, "assists": 2, "leaver_status": 0, "last_hits": 10, "denies": 0, "gold_per_min": 307, "xp_per_min": 866, "level": 19, "hero_damage": 3910, "tower_damage": 20, "hero_healing": 0, "gold": 591, "gold_spent": 4945, "scaled_hero_damage": 2618, "scaled_tower_damage": 7, "scaled_hero_healing": 0, "ability_upgrades": [{"ability": 5565, "time": 164, "level": 1}, {"ability": 5566, "time": 239, "level": 2}, {"ability": 7322, "time": 284, "level": 3}, {"ability": 5565, "time": 391, "level": 4}, {"ability": 7322, "time": 442, "level": 5}, {"ability": 5568, "time": 510, "level": 6}, {"ability": 5565, "time": 593, "level": 7}, {"ability": 7322, "time": 634, "level": 8}, {"ability": 5566, "time": 646, "level": 9}, {"ability": 6447, "time": 727, "level": 10}, {"ability": 7322, "time": 804, "level": 11}, {"ability": 5568, "time": 814, "level": 12}, {"ability": 5565, "time": 833, "level": 13}, {"ability": 5566, "time": 866, "level": 14}, {"ability": 6195, "time": 1053, "level": 15}, {"ability": 5566, "time": 1082, "level": 16}, {"ability": 5568, "time": 1219, "level": 17}]}, {"account_id": 4294967295, "player_slot": 3, "hero_id": 31, "item_0": 180, "item_1": 0, "item_2": 0, "item_3": 160, "item_4": 0, "item_5": 0, "backpack_0": 0, "backpack_1": 0, "backpack_2": 0, "kills": 3, "deaths": 8, "assists": 3, "leaver_status": 0, "last_hits": 25, "denies": 0, "gold_per_min": 517, "xp_per_min": 762, "level": 17, "hero_damage": 12363, "tower_damage": 0, "hero_healing": 0, "gold": 358, "gold_spent": 8830, "scaled_hero_damage": 8187, "scaled_tower_damage": 0, "scaled_hero_healing": 0, "ability_upgrades": [{"ability": 5134, "time": 144, "level": 1}, {"ability": 5136, "time": 262, "level": 2}, {"ability": 7325, "time": 302, "level": 3}, {"ability": 5134, "time": 400, "level": 4}, {"ability": 5134, "time": 510, "level": 5}, {"ability": 5137, "time": 517, "level": 6}, {"ability": 5136, "time": 537, "level": 7}, {"ability": 7325, "time": 617, "level": 8}, {"ability": 5136, "time": 645, "level": 9}, {"ability": 5137, "time": 700, "level": 10}, {"ability": 5136, "time": 702, "level": 11}, {"ability": 7325, "time": 704, "level": 12}, {"ability": 7325, "time": 825, "level": 13}, {"ability": 5959, "time": 895, "level": 14}, {"ability": 5134, "time": 962, "level": 15}, {"ability": 6112, "time": 1044, "level": 16}]}, {"account_id": 4294967295, "player_slot": 4, "hero_id": 15, "item_0": 36, "item_1": 4, "item_2": 75, "item_3": 50, "item_4": 108, "item_5": 244, "backpack_0": 182, "backpack_1": 39, "backpack_2": 0, "kills": 1, "deaths": 3, "assists": 2, "leaver_status": 0, "last_hits": 55, "denies": 14, "gold_per_min": 508, "xp_per_min": 832, "level": 18, "hero_damage": 8271, "tower_damage": 0, "hero_healing": 0, "gold": 1022, "gold_spent": 8830, "scaled_hero_damage": 5697, "scaled_tower_damage": 0, "scaled_hero_healing": 0, "ability_upgrades": [{"ability": 5083, "time": 158, "level": 1}, {"ability": 5082, "time": 238, "level": 2}, {"ability": 5083, "time": 272, "level": 3}, {"ability": 5084, "time": 355, "level": 4}, {"ability": 5083, "time": 396, "level": 5}, {"ability": 5085, "time": 424, "level": 6}, {"ability": 5084, "time": 504, "level": 7}, {"ability": 5083, "time": 536, "level": 8}, {"ability": 5084, "time": 572, "level": 9}, {"ability": 5084, "time": 724, "level": 10}, {"ability": 5929, "time": 751, "level": 11}, {"ability": 5085, "time": 782, "level": 12}, {"ability": 5082, "time": 784, "level": 13}, {"ability": 5082, "time": 883, "level": 14}, {"ability": 6860, "time": 1002, "level": 15}, {"ability": 5082, "time": 1019, "level": 16}, {"ability": 5085, "time": 1065, "level": 17}]}, {"account_id": 4294967295, "player_slot": 128, "hero_id": 7, "item_0": 180, "item_1": 1, "item_2": 100, "item_3": 182, "item_4": 0, "item_5": 40, "backpack_0": 0, "backpack_1": 0, "backpack_2": 0, "kills": 3, "deaths": 2, "assists": 11, "leaver_status": 0, "last_hits": 7, "denies": 2, "gold_per_min": 691, "xp_per_min": 1320, "level": 23, "hero_damage": 7248, "tower_damage": 98, "hero_healing": 0, "gold": 5017, "gold_spent": 8195, "scaled_hero_damage": 4733, "scaled_tower_damage": 91, "scaled_hero_healing": 0, "ability_upgrades": [{"ability": 5023, "time": 114, "level": 1}, {"ability": 5025, "time": 245, "level": 2}, {"ability": 5024, "time": 295, "level": 3}, {"ability": 5025, "time": 362, "level": 4}, {"ability": 5025, "time": 456, "level": 5}, {"ability": 5026, "time": 515, "level": 6}, {"ability": 5025, "time": 528, "level": 7}, {"ability": 5023, "time": 577, "level": 8}, {"ability": 5023, "time": 726, "level": 9}, {"ability": 6006, "time": 745, "level": 10}, {"ability": 5023, "time": 843, "level": 11}, {"ability": 5026, "time": 865, "level": 12}, {"ability": 5024, "time": 909, "level": 13}, {"ability": 5024, "time": 922, "level": 14}, {"ability": 5970, "time": 981, "level": 15}, {"ability": 5024, "time": 982, "level": 16}, {"ability": 5026, "time": 1037, "level": 17}, {"ability": 6425, "time": 1131, "level": 18}]}, {"account_id": 4294967295, "player_slot": 129, "hero_id": 1, "item_0": 26, "item_1": 63, "item_2": 208, "item_3": 147, "item_4": 145, "item_5": 139, "backpack_0": 75, "backpack_1": 75, "backpack_2": 75, "kills": 5, "deaths": 1, "assists": 3, "leaver_status": 0, "last_hits": 194, "denies": 14, "gold_per_min": 1586, "xp_per_min": 1631, "level": 25, "hero_damage": 13884, "tower_damage": 7687, "hero_healing": 0, "gold": 3874, "gold_spent": 26415, "scaled_hero_damage": 7864, "scaled_tower_damage": 4486, "scaled_hero_healing": 0, "ability_upgrades": [{"ability": 5004, "time": 214, "level": 1}, {"ability": 5003, "time": 245, "level": 2}, {"ability": 5003, "time": 299, "level": 3}, {"ability": 5004, "time": 354, "level": 4}, {"ability": 5003, "time": 391, "level": 5}, {"ability": 5006, "time": 437, "level": 6}, {"ability": 5003, "time": 493, "level": 7}, {"ability": 5004, "time": 552, "level": 8}, {"ability": 5004, "time": 584, "level": 9}, {"ability": 7314, "time": 633, "level": 10}, {"ability": 7314, "time": 661, "level": 11}, {"ability": 5006, "time": 730, "level": 12}, {"ability": 7314, "time": 747, "level": 13}, {"ability": 7314, "time": 819, "level": 14}, {"ability": 5906, "time": 847, "level": 15}, {"ability": 5929, "time": 884, "level": 16}, {"ability": 5006, "time": 932, "level": 17}, {"ability": 6012, "time": 936, "level": 18}, {"ability": 6353, "time": 1179, "level": 19}]}, {"account_id": 4294967295, "player_slot": 130, "hero_id": 102, "item_0": 65, "item_1": 174, "item_2": 172, "item_3": 50, "item_4": 252, "item_5": 137, "backpack_0": 0, "backpack_1": 0, "backpack_2": 0, "kills": 3, "deaths": 1, "assists": 9, "leaver_status": 0, "last_hits": 84, "denies": 1, "gold_per_min": 1174, "xp_per_min": 1151, "level": 22, "hero_damage": 5246, "tower_damage": 10730, "hero_healing": 0, "gold": 1407, "gold_spent": 20625, "scaled_hero_damage": 4168, "scaled_tower_damage": 5939, "scaled_hero_healing": 0, "ability_upgrades": [{"ability": 5587, "time": 115, "level": 1}, {"ability": 5586, "time": 217, "level": 2}, {"ability": 5586, "time": 306, "level": 3}, {"ability": 5587, "time": 351, "level": 4}, {"ability": 5585, "time": 440, "level": 5}, {"ability": 5588, "time": 462, "level": 6}, {"ability": 5587, "time": 545, "level": 7}, {"ability": 5586, "time": 574, "level": 8}, {"ability": 5587, "time": 593, "level": 9}, {"ability": 5918, "time": 684, "level": 10}, {"ability": 5586, "time": 727, "level": 11}, {"ability": 5588, "time": 788, "level": 12}, {"ability": 5585, "time": 819, "level": 13}, {"ability": 5585, "time": 850, "level": 14}, {"ability": 6601, "time": 918, "level": 15}, {"ability": 5585, "time": 919, "level": 16}, {"ability": 5588, "time": 961, "level": 17}, {"ability": 5968, "time": 1041, "level": 18}]}, {"account_id": 4294967295, "player_slot": 131, "hero_id": 74, "item_0": 29, "item_1": 108, "item_2": 77, "item_3": 65, "item_4": 123, "item_5": 0, "backpack_0": 0, "backpack_1": 0, "backpack_2": 0, "kills": 4, "deaths": 2, "assists": 11, "leaver_status": 0, "last_hits": 71, "denies": 6, "gold_per_min": 1089, "xp_per_min": 1490, "level": 25, "hero_damage": 10951, "tower_damage": 2997, "hero_healing": 400, "gold": 7688, "gold_spent": 12790, "scaled_hero_damage": 5213, "scaled_tower_damage": 1826, "scaled_hero_healing": 329, "ability_upgrades": [{"ability": 5372, "time": 113, "level": 1}, {"ability": 5371, "time": 219, "level": 2}, {"ability": 5372, "time": 247, "level": 3}, {"ability": 5370, "time": 266, "level": 4}, {"ability": 5372, "time": 288, "level": 5}, {"ability": 5371, "time": 337, "level": 6}, {"ability": 5372, "time": 386, "level": 7}, {"ability": 5370, "time": 462, "level": 8}, {"ability": 5372, "time": 515, "level": 9}, {"ability": 5371, "time": 532, "level": 10}, {"ability": 5372, "time": 587, "level": 11}, {"ability": 5371, "time": 645, "level": 12}, {"ability": 5372, "time": 698, "level": 13}, {"ability": 5370, "time": 743, "level": 14}, {"ability": 5371, "time": 824, "level": 15}, {"ability": 5371, "time": 885, "level": 16}, {"ability": 5371, "time": 966, "level": 17}, {"ability": 5370, "time": 1036, "level": 18}, {"ability": 5370, "time": 1038, "level": 19}, {"ability": 5370, "time": 1120, "level": 20}, {"ability": 6811, "time": 1122, "level": 21}, {"ability": 7148, "time": 1123, "level": 22}, {"ability": 6656, "time": 1176, "level": 23}, {"ability": 5370, "time": 1240, "level": 24}, {"ability": 6099, "time": 1258, "level": 25}]}, {"account_id": 4294967295, "player_slot": 132, "hero_id": 93, "item_0": 98, "item_1": 152, "item_2": 252, "item_3": 75, "item_4": 63, "item_5": 154, "backpack_0": 216, "backpack_1": 0, "backpack_2": 75, "kills": 13, "deaths": 2, "assists": 11, "leaver_status": 0, "last_hits": 43, "denies": 8, "gold_per_min": 1207, "xp_per_min": 1622, "level": 25, "hero_damage": 21696, "tower_damage": 3849, "hero_healing": 0, "gold": 4979, "gold_spent": 18465, "scaled_hero_damage": 17577, "scaled_tower_damage": 2088, "scaled_hero_healing": 0, "ability_upgrades": [{"ability": 5496, "time": 143, "level": 1}, {"ability": 5495, "time": 217, "level": 2}, {"ability": 5494, "time": 282, "level": 3}, {"ability": 5495, "time": 342, "level": 4}, {"ability": 5494, "time": 389, "level": 5}, {"ability": 5497, "time": 416, "level": 6}, {"ability": 5494, "time": 456, "level": 7}, {"ability": 5494, "time": 486, "level": 8}, {"ability": 5495, "time": 532, "level": 9}, {"ability": 7384, "time": 575, "level": 10}, {"ability": 5495, "time": 694, "level": 11}, {"ability": 5497, "time": 767, "level": 12}, {"ability": 5496, "time": 820, "level": 13}, {"ability": 5496, "time": 833, "level": 14}, {"ability": 6078, "time": 888, "level": 15}, {"ability": 5496, "time": 924, "level": 16}, {"ability": 5497, "time": 934, "level": 17}, {"ability": 6892, "time": 1030, "level": 18}, {"ability": 6893, "time": 1166, "level": 19}]}], "radiant_win": false, "duration": 1095, "pre_game_duration": 60, "start_time": 1544058668, "match_id": 4256624611, "match_seq_num": 3689567622, "tower_status_radiant": 0, "tower_status_dire": 2038, "barracks_status_radiant": 0, "barracks_status_dire": 63, "cluster": 155, "first_blood_time": 171, "lobby_type": 0, "human_players": 10, "leagueid": 0, "positive_votes": 0, "negative_votes": 0, "game_mode": 23, "flags": 0, "engine": 1, "radiant_score": 8, "dire_score": 28, "picks_bans": [{"is_pick": false, "hero_id": 26, "team": 0, "order": 0}, {"is_pick": false, "hero_id": 14, "team": 0, "order": 1}, {"is_pick": false, "hero_id": 32, "team": 0, "order": 2}, {"is_pick": false, "hero_id": 120, "team": 0, "order": 3}, {"is_pick": false, "hero_id": 17, "team": 0, "order": 4}]}}, {}, {}, {}, {}, {}, {}, {}, {}, {}, {}, {}, {}, {}, {}, {}, {}, {}, {}, {}, {}, {}, {}, {}, {}, {}, {}, {}, {}, {}, {}, {}, {}, {}, {}, {}, {}, {}, {}, {}, {}, {}, {}, {}, {}, {}, {}, {}, {}, {}, {}, {}, {}, {}, {}, {}, {}, {}, {}, {}, {}, {}, {}, {}, {}, {}, {}, {}, {}, {}, {}, {}, {}, {}, {}, {}, {}, {}, {}, {}, {}, {}, {}, {}, {}, {}, {}, {}, {}, {}, {}, {}, {}, {}, {}, {}, {}, {}, {}, {}, {}, {}, {}, {}, {}, {}, {}, {}, {}, {}, {}, {}, {}, {}, {}, {}, {}, {}, {}, {}, {}, {}, {}, {}, {}, {}, {}, {}, {}, {}, {}, {}, {}, {}, {}, {}, {}, {}, {}, {}, {}, {}, {}, {}, {}, {}, {}, {}, {}, {}, {}, {}, {}, {}, {}, {}, {}, {}, {}, {}, {}, {}, {}, {}, {}, {}, {}, {}, {}, {}, {}, {}, {}, {}, {}, {}, {}, {}, {}, {}, {}, {}, {}, {}, {}, {}, {}, {}, {}, {}, {}, {}, {}, {}, {}, {}, {}, {}, {}, {}, {}, {}, {}, {}, {}, {}, {}, {}, {}, {}, {}, {}, {}, {}, {}, {}, {}, {}, {}, {}, {}, {}, {}, {}, {}, {}, {}, {}, {}, {}, {}, {}, {}, {}, {}, {}, {}, {}, {}, {}, {}, {}, {}, {}, {}, {}, {}, {}, {}, {}, {}, {}, {}, {}, {}, {}, {}, {}, {}, {}, {}, {}, {}, {}, {}, {}, {}, {}, {}, {}, {}, {}, {}, {}, {}, {}, {}, {}, {}, {}, {}, {}, {}, {}, {}, {}, {}, {}, {}, {}, {}, {}, {}, {}, {}, {}, {}, {}, {}, {}, {}, {}, {}, {}, {}, {}, {}, {}, {}, {}, {}, {}, {}, {}, {}, {}, {}, {}, {}, {}, {}, {}, {}, {}, {}, {}, {}, {}, {}, {}, {}, {}, {}, {}, {}, {}, {}, {}, {}, {}, {}, {}, {}, {}, {}, {}, {}, {}, {}, {}, {}, {}, {}, {}, {}, {}, {}, {}, {}, {}, {}, {}, {}, {}, {}, {}, {}, {}, {}, {}, {}, {}, {}, {}, {}, {}, {}, {}, {}, {}, {}, {}, {}, {}, {}, {}, {}, {}, {}, {}, {}, {}, {}, {}, {}, {}, {}, {}, {}, {}, {}, {}, {}, {}, {}, {}, {}, {}, {}, {}, {}, {}, {}, {}, {}, {}, {}, {}, {}, {}, {}, {}, {}, {}, {}, {}, {}, {}, {}, {}, {}, {}, {}, {}, {}, {}, {}, {}, {}, {}, {}, {}, {}, {}, {}, {}, {}, {}, {}, {}, {}, {}, {}, {}, {}, {}, {}, {}, {}, {}, {}, {}, {}, {}, {}, {}, {}, {}, {}, {}, {}, {}, {}, {}, {}, {}, {}, {}, {}, {}, {}, {}, {}, {}, {}, {}, {}, {}, {}, {}, {}, {}, {}, {}, {}, {}, {}, {}, {}, {}, {}, {}, {}, {}, {}, {}, {}, {}, {}, {}, {}, {}, {}, {}, {}, {}, {}, {}, {}, {}, {}, {}, {}, {}, {}, {}, {}, {}, {}, {}, {}, {}, {}, {}, {}, {}, {}, {}, {}, {}, {}, {}, {}, {}, {}, {}, {}, {}, {}, {}, {}, {}, {}, {}, {}, {}, {}, {}, {}, {}, {}, {}, {}, {}, {}, {}, {}, {}, {}, {}, {}, {}, {}, {}, {}, {}, {}, {}, {}, {}, {}, {}, {}, {}, {}, {}, {}, {}, {}, {}, {}, {}, {}, {}, {}, {}, {}, {}, {}, {}, {}, {}, {}, {}, {}, {}, {}, {}, {}, {}, {}, {}, {}, {}, {}, {}, {}, {}, {}, {}, {}, {}, {}, {}, {}, {}, {}, {}, {}, {}, {}, {}, {}, {}, {}, {}, {}, {}, {}, {}, {}, {}, {}, {}, {}, {}, {}, {}, {}, {}, {}, {}, {}, {}, {}, {}, {}, {}, {}, {}, {}, {}, {}, {}, {}, {}, {}, {}, {}, {}, {}, {}, {}, {}, {}, {}, {}, {}, {}, {}, {}, {}, {}, {}, {}, {}, {}, {}, {}, {}, {}, {}, {}, {}, {}, {}, {}, {}, {}, {}, {}, {}, {}, {}, {}, {}, {}, {}, {}, {}, {}, {}, {}, {}, {}, {}, {}, {}, {}, {}, {}, {}, {}, {}, {}, {}, {}, {}, {}, {}, {}, {}, {}, {}, {}, {}, {}, {}, {}, {}, {}, {}, {}, {}, {}, {}, {}, {}, {}, {}, {}, {}, {}, {}, {}, {}, {}, {}, {}, {}, {}, {}, {}, {}, {}, {}, {}, {}, {}, {}, {}, {}, {}, {}, {}, {}, {}, {}, {}, {}, {}, {}, {}, {}, {}, {}, {}, {}, {}, {}, {}, {}, {}, {}, {}, {}, {}, {}, {}, {}, {}, {}, {}, {}, {}, {}, {}, {}, {}, {}, {}, {}, {}, {}, {}, {}, {}, {}, {}, {}, {}, {}, {}, {}, {}, {}, {}, {}, {}, {}, {}, {}, {}, {}, {}, {}, {}, {}, {}, {}, {}, {}, {}, {}, {}, {}, {}, {}, {}, {}, {}, {}, {}, {}, {}, {}, {}, {}, {}, {}, {}, {}, {}, {}, {}, {}, {}, {}, {}, {}, {}, {}, {}, {}, {}, {}, {}, {}, {}, {}, {}, {}, {}, {}, {}, {}, {}, {}, {}, {}, {}, {}, {}, {}, {}, {}, {}, {}, {}, {}, {}, {}, {}, {}, {}, {}, {}, {}, {}, {}, {}, {}, {}, {}, {}, {}, {}, {}, {}, {}, {}, {}, {}, {}, {}, {}, {}, {}, {}, {}, {}, {}, {}, {}, {}, {}, {}, {}, {}, {}, {}, {}, {}, {}, {}, {}, {}, {}, {}, {}, {}, {}, {}, {}, {}, {}, {}, {}, {}, {}, {}, {}, {}, {}, {}, {}, {}, {}, {}, {}, {}, {}, {}, {}, {}, {}, {}, {}, {}, {}, {}, {}, {}, {}, {}, {}, {}, {}, {}, {}, {}, {}, {}, {}, {}, {}, {}, {}, {}, {}, {}, {}, {}, {}, {}, {}, {}, {}, {}, {}, {}, {}, {}, {}, {}, {}, {}, {}, {}, {}, {}, {}, {}, {}, {}, {}, {}, {}, {}, {}, {}, {}, {}, {}, {}, {}, {}, {}, {}, {}, {}, {}, {}, {}, {}, {}, {}, {}, {}, {}, {}, {}, {}, {}, {}, {}, {}, {}, {}, {}, {}, {}, {}, {}, {}, {}, {}, {}, {}, {}, {}, {}, {}, {}, {}, {}, {}, {}, {}, {}, {}, {}, {}, {}, {}, {}, {}, {}, {}, {}, {}, {}, {}, {}, {}, {}, {}, {}, {}, {}, {}, {}, {}, {}, {}, {}, {}, {}, {}, {}, {}, {}, {}, {}, {}, {}, {}, {}, {}, {}, {}, {}, {}, {}, {}, {}, {}, {}, {}, {}, {}, {}, {}, {}, {}, {}, {}, {}, {}, {}, {}, {}, {}, {}, {}, {}, {}, {}, {}, {}, {}, {}, {}, {}, {}, {}, {}, {}, {}, {}, {}, {}, {}, {}, {}, {}, {}, {}, {}, {}, {}, {}, {}, {}, {}, {}, {}, {}, {}, {}, {}, {}, {}, {}, {}, {}, {}, {}, {}, {}, {}, {}, {}, {}, {}, {}, {}, {}, {}, {}, {}, {}, {}, {}, {}, {}, {}, {}, {}, {}, {}, {}, {}, {}, {}, {}, {}, {}, {}, {}, {}, {}, {}, {}, {}, {}, {}, {}, {}, {}, {}, {}, {}, {}, {}, {}, {}, {"result": {"players": [{"account_id": 4294967295, "player_slot": 0, "hero_id": 2, "item_0": 127, "item_1": 1, "item_2": 125, "item_3": 114, "item_4": 8, "item_5": 214, "backpack_0": 0, "backpack_1": 182, "backpack_2": 21, "kills": 15, "deaths": 12, "assists": 20, "leaver_status": 0, "last_hits": 214, "denies": 1, "gold_per_min": 466, "xp_per_min": 572, "level": 25, "hero_damage": 52871, "tower_damage": 2397, "hero_healing": 0, "gold": 2437, "gold_spent": 17860, "scaled_hero_damage": 22333, "scaled_tower_damage": 1162, "scaled_hero_healing": 0, "ability_upgrades": [{"ability": 5009, "time": 354, "level": 1}, {"ability": 5008, "time": 432, "level": 2}, {"ability": 5007, "time": 540, "level": 3}, {"ability": 5009, "time": 590, "level": 4}, {"ability": 5008, "time": 659, "level": 5}, {"ability": 5010, "time": 868, "level": 6}, {"ability": 5009, "time": 997, "level": 7}, {"ability": 5009, "time": 1198, "level": 8}, {"ability": 5008, "time": 1314, "level": 9}, {"ability": 6210, "time": 1467, "level": 10}, {"ability": 5010, "time": 1663, "level": 11}, {"ability": 5008, "time": 1665, "level": 12}, {"ability": 5007, "time": 1794, "level": 13}, {"ability": 5007, "time": 1822, "level": 14}, {"ability": 6160, "time": 1933, "level": 15}, {"ability": 5007, "time": 2022, "level": 16}, {"ability": 5010, "time": 2404, "level": 17}, {"ability": 6815, "time": 2726, "level": 18}, {"ability": 6608, "time": 3232, "level": 19}]}, {"account_id": 4294967295, "player_slot": 1, "hero_id": 35, "item_0": 158, "item_1": 135, "item_2": 48, "item_3": 152, "item_4": 149, "item_5": 42, "backpack_0": 88, "backpack_1": 0, "backpack_2": 0, "kills": 13, "deaths": 7, "assists": 15, "leaver_status": 0, "last_hits": 278, "denies": 4, "gold_per_min": 534, "xp_per_min": 658, "level": 25, "hero_damage": 49278, "tower_damage": 7043, "hero_healing": 0, "gold": 2833, "gold_spent": 21430, "scaled_hero_damage": 25398, "scaled_tower_damage": 3917, "scaled_hero_healing": 0, "ability_upgrades": [{"ability": 5154, "time": 272, "level": 1}, {"ability": 5156, "time": 425, "level": 2}, {"ability": 5154, "time": 478, "level": 3}, {"ability": 5156, "time": 540, "level": 4}, {"ability": 5154, "time": 621, "level": 5}, {"ability": 5157, "time": 687, "level": 6}, {"ability": 5154, "time": 748, "level": 7}, {"ability": 5155, "time": 811, "level": 8}, {"ability": 5156, "time": 926, "level": 9}, {"ability": 5156, "time": 1030, "level": 10}, {"ability": 5155, "time": 1096, "level": 11}, {"ability": 5157, "time": 1301, "level": 12}, {"ability": 5960, "time": 1562, "level": 13}, {"ability": 5155, "time": 1663, "level": 14}, {"ability": 5155, "time": 1666, "level": 15}, {"ability": 6210, "time": 1827, "level": 16}, {"ability": 5157, "time": 2074, "level": 17}, {"ability": 6896, "time": 2410, "level": 18}, {"ability": 5944, "time": 2811, "level": 19}]}, {"account_id": 4294967295, "player_slot": 2, "hero_id": 12, "item_0": 174, "item_1": 114, "item_2": 108, "item_3": 75, "item_4": 81, "item_5": 63, "backpack_0": 0, "backpack_1": 0, "backpack_2": 0, "kills": 13, "deaths": 14, "assists": 19, "leaver_status": 0, "last_hits": 208, "denies": 1, "gold_per_min": 457, "xp_per_min": 567, "level": 25, "hero_damage": 42714, "tower_damage": 5426, "hero_healing": 1691, "gold": 3240, "gold_spent": 18210, "scaled_hero_damage": 21146, "scaled_tower_damage": 2966, "scaled_hero_healing": 714, "ability_upgrades": [{"ability": 5065, "time": 271, "level": 1}, {"ability": 5066, "time": 426, "level": 2}, {"ability": 5065, "time": 552, "level": 3}, {"ability": 5068, "time": 643, "level": 4}, {"ability": 5065, "time": 781, "level": 5}, {"ability": 5067, "time": 1015, "level": 6}, {"ability": 5065, "time": 1152, "level": 7}, {"ability": 5068, "time": 1185, "level": 8}, {"ability": 5068, "time": 1298, "level": 9}, {"ability": 5971, "time": 1356, "level": 10}, {"ability": 5066, "time": 1412, "level": 11}, {"ability": 5067, "time": 1507, "level": 12}, {"ability": 5068, "time": 1559, "level": 13}, {"ability": 5066, "time": 1644, "level": 14}, {"ability": 6400, "time": 1832, "level": 15}, {"ability": 5066, "time": 1946, "level": 16}, {"ability": 5067, "time": 2193, "level": 17}, {"ability": 6849, "time": 2526, "level": 18}, {"ability": 6851, "time": 3207, "level": 19}]}, {"account_id": 4294967295, "player_slot": 3, "hero_id": 39, "item_0": 29, "item_1": 166, "item_2": 247, "item_3": 250, "item_4": 123, "item_5": 0, "backpack_0": 0, "backpack_1": 0, "backpack_2": 0, "kills": 5, "deaths": 6, "assists": 23, "leaver_status": 0, "last_hits": 271, "denies": 4, "gold_per_min": 465, "xp_per_min": 587, "level": 25, "hero_damage": 28063, "tower_damage": 4358, "hero_healing": 0, "gold": 1727, "gold_spent": 20925, "scaled_hero_damage": 13810, "scaled_tower_damage": 2733, "scaled_hero_healing": 0, "ability_upgrades": [{"ability": 5173, "time": 270, "level": 1}, {"ability": 5174, "time": 450, "level": 2}, {"ability": 5175, "time": 517, "level": 3}, {"ability": 5173, "time": 700, "level": 4}, {"ability": 5173, "time": 775, "level": 5}, {"ability": 5176, "time": 847, "level": 6}, {"ability": 5173, "time": 999, "level": 7}, {"ability": 5175, "time": 1165, "level": 8}, {"ability": 5175, "time": 1264, "level": 9}, {"ability": 5174, "time": 1303, "level": 10}, {"ability": 5175, "time": 1363, "level": 11}, {"ability": 5176, "time": 1452, "level": 12}, {"ability": 6009, "time": 1664, "level": 13}, {"ability": 5174, "time": 1959, "level": 14}, {"ability": 6210, "time": 2143, "level": 15}, {"ability": 5174, "time": 2204, "level": 16}, {"ability": 5176, "time": 2410, "level": 17}, {"ability": 6407, "time": 2677, "level": 18}, {"ability": 7034, "time": 3235, "level": 19}]}, {"account_id": 4294967295, "player_slot": 4, "hero_id": 110, "item_0": 267, "item_1": 214, "item_2": 127, "item_3": 36, "item_4": 273, "item_5": 269, "backpack_0": 0, "backpack_1": 0, "backpack_2": 0, "kills": 6, "deaths": 10, "assists": 25, "leaver_status": 0, "last_hits": 94, "denies": 3, "gold_per_min": 408, "xp_per_min": 561, "level": 25, "hero_damage": 28149, "tower_damage": 234, "hero_healing": 3827, "gold": 3894, "gold_spent": 15410, "scaled_hero_damage": 13689, "scaled_tower_damage": 148, "scaled_hero_healing": 1499, "ability_upgrades": [{"ability": 5623, "time": 287, "level": 1}, {"ability": 5626, "time": 432, "level": 2}, {"ability": 5625, "time": 527, "level": 3}, {"ability": 5625, "time": 639, "level": 4}, {"ability": 5625, "time": 770, "level": 5}, {"ability": 5630, "time": 947, "level": 6}, {"ability": 5626, "time": 1036, "level": 7}, {"ability": 5625, "time": 1039, "level": 8}, {"ability": 5626, "time": 1169, "level": 9}, {"ability": 6007, "time": 1465, "level": 10}, {"ability": 5630, "time": 1657, "level": 11}, {"ability": 5623, "time": 1668, "level": 12}, {"ability": 5626, "time": 1764, "level": 13}, {"ability": 5623, "time": 1942, "level": 14}, {"ability": 6235, "time": 2110, "level": 15}, {"ability": 5623, "time": 2201, "level": 16}, {"ability": 5630, "time": 2408, "level": 17}, {"ability": 6852, "time": 3139, "level": 18}]}, {"account_id": 4294967295, "player_slot": 128, "hero_id": 21, "item_0": 48, "item_1": 108, "item_2": 166, "item_3": 1, "item_4": 41, "item_5": 168, "backpack_0": 0, "backpack_1": 0, "backpack_2": 0, "kills": 16, "deaths": 14, "assists": 11, "leaver_status": 0, "last_hits": 145, "denies": 6, "gold_per_min": 495, "xp_per_min": 704, "level": 25, "hero_damage": 40534, "tower_damage": 1192, "hero_healing": 0, "gold": 925, "gold_spent": 20760, "scaled_hero_damage": 23423, "scaled_tower_damage": 601, "scaled_hero_healing": 0, "ability_upgrades": [{"ability": 5130, "time": 277, "level": 1}, {"ability": 5131, "time": 416, "level": 2}, {"ability": 5131, "time": 454, "level": 3}, {"ability": 5132, "time": 518, "level": 4}, {"ability": 5131, "time": 604, "level": 5}, {"ability": 5133, "time": 718, "level": 6}, {"ability": 5130, "time": 783, "level": 7}, {"ability": 5131, "time": 933, "level": 8}, {"ability": 5130, "time": 1001, "level": 9}, {"ability": 6160, "time": 1247, "level": 10}, {"ability": 5130, "time": 1367, "level": 11}, {"ability": 5133, "time": 1380, "level": 12}, {"ability": 5132, "time": 1553, "level": 13}, {"ability": 5132, "time": 1662, "level": 14}, {"ability": 6562, "time": 1732, "level": 15}, {"ability": 5132, "time": 1790, "level": 16}, {"ability": 5133, "time": 2089, "level": 17}, {"ability": 6144, "time": 2310, "level": 18}, {"ability": 6561, "time": 2701, "level": 19}]}, {"account_id": 4294967295, "player_slot": 129, "hero_id": 77, "item_0": 208, "item_1": 145, "item_2": 26, "item_3": 63, "item_4": 252, "item_5": 116, "backpack_0": 0, "backpack_1": 0, "backpack_2": 0, "kills": 6, "deaths": 13, "assists": 20, "leaver_status": 0, "last_hits": 222, "denies": 4, "gold_per_min": 465, "xp_per_min": 590, "level": 25, "hero_damage": 15300, "tower_damage": 12250, "hero_healing": 0, "gold": 807, "gold_spent": 20995, "scaled_hero_damage": 9243, "scaled_tower_damage": 6306, "scaled_hero_healing": 0, "ability_upgrades": [{"ability": 5395, "time": 289, "level": 1}, {"ability": 5397, "time": 429, "level": 2}, {"ability": 5396, "time": 566, "level": 3}, {"ability": 5397, "time": 675, "level": 4}, {"ability": 5397, "time": 819, "level": 5}, {"ability": 5398, "time": 911, "level": 6}, {"ability": 5397, "time": 989, "level": 7}, {"ability": 5395, "time": 1108, "level": 8}, {"ability": 5396, "time": 1273, "level": 9}, {"ability": 5395, "time": 1391, "level": 10}, {"ability": 5395, "time": 1547, "level": 11}, {"ability": 5398, "time": 1694, "level": 12}, {"ability": 5960, "time": 1781, "level": 13}, {"ability": 5396, "time": 2056, "level": 14}, {"ability": 6190, "time": 2283, "level": 15}, {"ability": 5396, "time": 2382, "level": 16}, {"ability": 5398, "time": 2524, "level": 17}, {"ability": 6134, "time": 2721, "level": 18}, {"ability": 6140, "time": 3349, "level": 19}]}, {"account_id": 4294967295, "player_slot": 130, "hero_id": 30, "item_0": 232, "item_1": 108, "item_2": 180, "item_3": 249, "item_4": 92, "item_5": 43, "backpack_0": 0, "backpack_1": 0, "backpack_2": 0, "kills": 9, "deaths": 7, "assists": 19, "leaver_status": 0, "last_hits": 83, "denies": 2, "gold_per_min": 352, "xp_per_min": 485, "level": 24, "hero_damage": 23361, "tower_damage": 1918, "hero_healing": 10055, "gold": 1268, "gold_spent": 15300, "scaled_hero_damage": 15165, "scaled_tower_damage": 1013, "scaled_hero_healing": 4840, "ability_upgrades": [{"ability": 5138, "time": 279, "level": 1}, {"ability": 5139, "time": 430, "level": 2}, {"ability": 5140, "time": 551, "level": 3}, {"ability": 5138, "time": 653, "level": 4}, {"ability": 5138, "time": 787, "level": 5}, {"ability": 5141, "time": 909, "level": 6}, {"ability": 5138, "time": 1021, "level": 7}, {"ability": 5139, "time": 1105, "level": 8}, {"ability": 5140, "time": 1300, "level": 9}, {"ability": 5942, "time": 1437, "level": 10}, {"ability": 5141, "time": 1677, "level": 11}, {"ability": 5140, "time": 1680, "level": 12}, {"ability": 5140, "time": 1737, "level": 13}, {"ability": 5139, "time": 1755, "level": 14}, {"ability": 6524, "time": 1960, "level": 15}, {"ability": 5139, "time": 2105, "level": 16}, {"ability": 5141, "time": 2305, "level": 17}, {"ability": 5998, "time": 2582, "level": 18}]}, {"account_id": 4294967295, "player_slot": 131, "hero_id": 14, "item_0": 36, "item_1": 214, "item_2": 90, "item_3": 267, "item_4": 114, "item_5": 127, "backpack_0": 0, "backpack_1": 0, "backpack_2": 0, "kills": 7, "deaths": 13, "assists": 21, "leaver_status": 0, "last_hits": 127, "denies": 0, "gold_per_min": 378, "xp_per_min": 507, "level": 24, "hero_damage": 39155, "tower_damage": 1389, "hero_healing": 12, "gold": 619, "gold_spent": 16460, "scaled_hero_damage": 16998, "scaled_tower_damage": 741, "scaled_hero_healing": 7, "ability_upgrades": [{"ability": 5075, "time": 362, "level": 1}, {"ability": 5076, "time": 442, "level": 2}, {"ability": 5076, "time": 575, "level": 3}, {"ability": 5075, "time": 769, "level": 4}, {"ability": 5076, "time": 934, "level": 5}, {"ability": 5077, "time": 1048, "level": 6}, {"ability": 5075, "time": 1115, "level": 7}, {"ability": 5076, "time": 1153, "level": 8}, {"ability": 5075, "time": 1191, "level": 9}, {"ability": 5074, "time": 1353, "level": 10}, {"ability": 5074, "time": 1419, "level": 11}, {"ability": 5077, "time": 1573, "level": 12}, {"ability": 6245, "time": 1694, "level": 13}, {"ability": 5074, "time": 1760, "level": 14}, {"ability": 7142, "time": 2005, "level": 15}, {"ability": 5074, "time": 2257, "level": 16}, {"ability": 5077, "time": 2462, "level": 17}, {"ability": 5951, "time": 2680, "level": 18}]}, {"account_id": 4294967295, "player_slot": 132, "hero_id": 7, "item_0": 178, "item_1": 119, "item_2": 108, "item_3": 1, "item_4": 180, "item_5": 0, "backpack_0": 0, "backpack_1": 0, "backpack_2": 0, "kills": 10, "deaths": 9, "assists": 15, "leaver_status": 0, "last_hits": 155, "denies": 4, "gold_per_min": 433, "xp_per_min": 617, "level": 25, "hero_damage": 31371, "tower_damage": 1164, "hero_healing": 0, "gold": 549, "gold_spent": 17220, "scaled_hero_damage": 15076, "scaled_tower_damage": 742, "scaled_hero_healing": 0, "ability_upgrades": [{"ability": 5023, "time": 270, "level": 1}, {"ability": 5024, "time": 446, "level": 2}, {"ability": 5023, "time": 492, "level": 3}, {"ability": 5024, "time": 636, "level": 4}, {"ability": 5023, "time": 695, "level": 5}, {"ability": 5026, "time": 849, "level": 6}, {"ability": 5025, "time": 939, "level": 7}, {"ability": 5023, "time": 1252, "level": 8}, {"ability": 6006, "time": 1320, "level": 9}, {"ability": 5024, "time": 1327, "level": 10}, {"ability": 5024, "time": 1444, "level": 11}, {"ability": 5026, "time": 1582, "level": 12}, {"ability": 5025, "time": 1759, "level": 13}, {"ability": 5025, "time": 1824, "level": 14}, {"ability": 5970, "time": 2026, "level": 15}, {"ability": 5025, "time": 2260, "level": 16}, {"ability": 5026, "time": 2384, "level": 17}, {"ability": 6511, "time": 2699, "level": 18}, {"ability": 6035, "time": 3148, "level": 19}]}], "radiant_win": true, "duration": 3028, "pre_game_duration": 90, "start_time": 1544057484, "match_id": 4256611425, "match_seq_num": 3689576669, "tower_status_radiant": 1024, "tower_status_dire": 0, "barracks_status_radiant": 48, "barracks_status_dire": 0, "cluster": 251, "first_blood_time": 80, "lobby_type": 7, "human_players": 10, "leagueid": 0, "positive_votes": 0, "negative_votes": 0, "game_mode": 22, "flags": 0, "engine": 1, "radiant_score": 54, "dire_score": 49, "picks_bans": [{"is_pick": false, "hero_id": 93, "team": 0, "order": 0}, {"is_pick": false, "hero_id": 32, "team": 0, "order": 1}]}}, {}, {}, {}, {}, {}, {}, {}, {}, {"result": {"players": [{"account_id": 4294967295, "player_slot": 0, "hero_id": 79, "item_0": 43, "item_1": 254, "item_2": 36, "item_3": 40, "item_4": 100, "item_5": 231, "backpack_0": 0, "backpack_1": 0, "backpack_2": 0, "kills": 5, "deaths": 8, "assists": 22, "leaver_status": 0, "last_hits": 56, "denies": 2, "gold_per_min": 339, "xp_per_min": 506, "level": 24, "hero_damage": 14215, "tower_damage": 224, "hero_healing": 300, "gold": 1287, "gold_spent": 17695, "scaled_hero_damage": 9369, "scaled_tower_damage": 130, "scaled_hero_healing": 124, "ability_upgrades": [{"ability": 5421, "time": 299, "level": 1}, {"ability": 5423, "time": 461, "level": 2}, {"ability": 5423, "time": 722, "level": 3}, {"ability": 5421, "time": 887, "level": 4}, {"ability": 5421, "time": 1149, "level": 5}, {"ability": 5425, "time": 1321, "level": 6}, {"ability": 5422, "time": 1466, "level": 7}, {"ability": 5421, "time": 1734, "level": 8}, {"ability": 5423, "time": 1769, "level": 9}, {"ability": 5423, "time": 1773, "level": 10}, {"ability": 5422, "time": 1774, "level": 11}, {"ability": 5425, "time": 1920, "level": 12}, {"ability": 5422, "time": 2178, "level": 13}, {"ability": 7061, "time": 2328, "level": 14}, {"ability": 6141, "time": 2438, "level": 15}, {"ability": 5422, "time": 2475, "level": 16}, {"ability": 5425, "time": 2626, "level": 17}, {"ability": 6293, "time": 2919, "level": 18}]}, {"account_id": 111050897, "player_slot": 1, "hero_id": 34, "item_0": 121, "item_1": 1, "item_2": 48, "item_3": 176, "item_4": 204, "item_5": 41, "backpack_0": 40, "backpack_1": 0, "backpack_2": 0, "kills": 17, "deaths": 5, "assists": 12, "leaver_status": 0, "last_hits": 355, "denies": 8, "gold_per_min": 641, "xp_per_min": 698, "level": 25, "hero_damage": 40147, "tower_damage": 936, "hero_healing": 0, "gold": 6627, "gold_spent": 24490, "scaled_hero_damage": 25776, "scaled_tower_damage": 529, "scaled_hero_healing": 0, "ability_upgrades": [{"ability": 5150, "time": 358, "level": 1}, {"ability": 5152, "time": 441, "level": 2}, {"ability": 5151, "time": 443, "level": 3}, {"ability": 5152, "time": 523, "level": 4}, {"ability": 5152, "time": 602, "level": 5}, {"ability": 5153, "time": 745, "level": 6}, {"ability": 5152, "time": 910, "level": 7}, {"ability": 5150, "time": 1030, "level": 8}, {"ability": 5150, "time": 1126, "level": 9}, {"ability": 5947, "time": 1274, "level": 10}, {"ability": 5151, "time": 1410, "level": 11}, {"ability": 5153, "time": 1472, "level": 12}, {"ability": 5151, "time": 1526, "level": 13}, {"ability": 5151, "time": 1563, "level": 14}, {"ability": 6141, "time": 1683, "level": 15}, {"ability": 5150, "time": 1684, "level": 16}, {"ability": 5153, "time": 1777, "level": 17}, {"ability": 6952, "time": 1813, "level": 18}, {"ability": 6953, "time": 2682, "level": 19}]}, {"account_id": 178202750, "player_slot": 2, "hero_id": 114, "item_0": 116, "item_1": 50, "item_2": 75, "item_3": 112, "item_4": 75, "item_5": 252, "backpack_0": 0, "backpack_1": 0, "backpack_2": 0, "kills": 1, "deaths": 13, "assists": 14, "leaver_status": 0, "last_hits": 246, "denies": 13, "gold_per_min": 438, "xp_per_min": 567, "level": 25, "hero_damage": 18424, "tower_damage": 5611, "hero_healing": 0, "gold": 2365, "gold_spent": 17240, "scaled_hero_damage": 11187, "scaled_tower_damage": 3047, "scaled_hero_healing": 0, "ability_upgrades": [{"ability": 5721, "time": 250, "level": 1}, {"ability": 5716, "time": 425, "level": 2}, {"ability": 5723, "time": 487, "level": 3}, {"ability": 5716, "time": 562, "level": 4}, {"ability": 5723, "time": 736, "level": 5}, {"ability": 5716, "time": 977, "level": 6}, {"ability": 5723, "time": 1052, "level": 7}, {"ability": 5716, "time": 1150, "level": 8}, {"ability": 5723, "time": 1273, "level": 9}, {"ability": 5721, "time": 1417, "level": 10}, {"ability": 5725, "time": 1496, "level": 11}, {"ability": 5725, "time": 1613, "level": 12}, {"ability": 7024, "time": 1727, "level": 13}, {"ability": 5721, "time": 1840, "level": 14}, {"ability": 7038, "time": 2025, "level": 15}, {"ability": 5721, "time": 2151, "level": 16}, {"ability": 5725, "time": 2421, "level": 17}, {"ability": 6696, "time": 2658, "level": 18}, {"ability": 7025, "time": 3200, "level": 19}]}, {"account_id": 4294967295, "player_slot": 3, "hero_id": 48, "item_0": 116, "item_1": 63, "item_2": 147, "item_3": 135, "item_4": 236, "item_5": 139, "backpack_0": 172, "backpack_1": 0, "backpack_2": 39, "kills": 15, "deaths": 8, "assists": 18, "leaver_status": 0, "last_hits": 451, "denies": 13, "gold_per_min": 692, "xp_per_min": 740, "level": 25, "hero_damage": 43147, "tower_damage": 14295, "hero_healing": 0, "gold": 5141, "gold_spent": 27055, "scaled_hero_damage": 24244, "scaled_tower_damage": 7719, "scaled_hero_healing": 0, "ability_upgrades": [{"ability": 5222, "time": 337, "level": 1}, {"ability": 5224, "time": 443, "level": 2}, {"ability": 5222, "time": 546, "level": 3}, {"ability": 5224, "time": 653, "level": 4}, {"ability": 5222, "time": 754, "level": 5}, {"ability": 5225, "time": 868, "level": 6}, {"ability": 5222, "time": 921, "level": 7}, {"ability": 5223, "time": 1013, "level": 8}, {"ability": 5223, "time": 1105, "level": 9}, {"ability": 5223, "time": 1150, "level": 10}, {"ability": 5223, "time": 1220, "level": 11}, {"ability": 5225, "time": 1311, "level": 12}, {"ability": 5224, "time": 1379, "level": 13}, {"ability": 5224, "time": 1420, "level": 14}, {"ability": 6114, "time": 1564, "level": 15}, {"ability": 6127, "time": 1584, "level": 16}, {"ability": 5225, "time": 1681, "level": 17}, {"ability": 6180, "time": 1874, "level": 18}, {"ability": 6111, "time": 2537, "level": 19}]}, {"account_id": 4294967295, "player_slot": 4, "hero_id": 14, "item_0": 267, "item_1": 127, "item_2": 1, "item_3": 178, "item_4": 269, "item_5": 214, "backpack_0": 0, "backpack_1": 0, "backpack_2": 0, "kills": 7, "deaths": 7, "assists": 20, "leaver_status": 0, "last_hits": 44, "denies": 1, "gold_per_min": 320, "xp_per_min": 463, "level": 23, "hero_damage": 21275, "tower_damage": 95, "hero_healing": 240, "gold": 1723, "gold_spent": 14125, "scaled_hero_damage": 12457, "scaled_tower_damage": 41, "scaled_hero_healing": 241, "ability_upgrades": [{"ability": 5076, "time": 339, "level": 1}, {"ability": 5075, "time": 442, "level": 2}, {"ability": 5075, "time": 714, "level": 3}, {"ability": 5076, "time": 775, "level": 4}, {"ability": 5075, "time": 896, "level": 5}, {"ability": 5077, "time": 1011, "level": 6}, {"ability": 5075, "time": 1127, "level": 7}, {"ability": 5076, "time": 1306, "level": 8}, {"ability": 5076, "time": 1382, "level": 9}, {"ability": 6245, "time": 1638, "level": 10}, {"ability": 5074, "time": 1680, "level": 11}, {"ability": 5077, "time": 1777, "level": 12}, {"ability": 5074, "time": 1876, "level": 13}, {"ability": 5074, "time": 2083, "level": 14}, {"ability": 6560, "time": 2481, "level": 15}, {"ability": 5074, "time": 2524, "level": 16}, {"ability": 5077, "time": 2799, "level": 17}, {"ability": 6026, "time": 3107, "level": 18}]}, {"account_id": 4294967295, "player_slot": 128, "hero_id": 50, "item_0": 36, "item_1": 218, "item_2": 0, "item_3": 231, "item_4": 90, "item_5": 0, "backpack_0": 0, "backpack_1": 0, "backpack_2": 0, "kills": 5, "deaths": 7, "assists": 19, "leaver_status": 0, "last_hits": 85, "denies": 0, "gold_per_min": 292, "xp_per_min": 423, "level": 22, "hero_damage": 6999, "tower_damage": 104, "hero_healing": 11279, "gold": 1105, "gold_spent": 12910, "scaled_hero_damage": 5946, "scaled_tower_damage": 55, "scaled_hero_healing": 5323, "ability_upgrades": [{"ability": 5233, "time": 363, "level": 1}, {"ability": 5235, "time": 437, "level": 2}, {"ability": 5234, "time": 534, "level": 3}, {"ability": 5233, "time": 674, "level": 4}, {"ability": 5233, "time": 839, "level": 5}, {"ability": 7304, "time": 953, "level": 6}, {"ability": 5233, "time": 1029, "level": 7}, {"ability": 5235, "time": 1199, "level": 8}, {"ability": 5235, "time": 1303, "level": 9}, {"ability": 5235, "time": 1422, "level": 10}, {"ability": 5942, "time": 1487, "level": 11}, {"ability": 7304, "time": 1662, "level": 12}, {"ability": 5234, "time": 1824, "level": 13}, {"ability": 5234, "time": 1923, "level": 14}, {"ability": 6197, "time": 1974, "level": 15}, {"ability": 5234, "time": 2143, "level": 16}, {"ability": 7304, "time": 2415, "level": 17}, {"ability": 6093, "time": 2712, "level": 18}]}, {"account_id": 4294967295, "player_slot": 129, "hero_id": 76, "item_0": 263, "item_1": 63, "item_2": 36, "item_3": 1, "item_4": 77, "item_5": 39, "backpack_0": 0, "backpack_1": 0, "backpack_2": 0, "kills": 2, "deaths": 11, "assists": 10, "leaver_status": 0, "last_hits": 64, "denies": 1, "gold_per_min": 237, "xp_per_min": 333, "level": 19, "hero_damage": 7832, "tower_damage": 315, "hero_healing": 0, "gold": 935, "gold_spent": 10255, "scaled_hero_damage": 3788, "scaled_tower_damage": 214, "scaled_hero_healing": 0, "ability_upgrades": [{"ability": 5392, "time": 363, "level": 1}, {"ability": 5684, "time": 428, "level": 2}, {"ability": 5392, "time": 589, "level": 3}, {"ability": 5391, "time": 668, "level": 4}, {"ability": 5391, "time": 1045, "level": 5}, {"ability": 5684, "time": 1136, "level": 6}, {"ability": 5394, "time": 1312, "level": 7}, {"ability": 5684, "time": 1444, "level": 8}, {"ability": 5391, "time": 1816, "level": 9}, {"ability": 5903, "time": 1821, "level": 10}, {"ability": 5391, "time": 1908, "level": 11}, {"ability": 5394, "time": 1994, "level": 12}, {"ability": 5392, "time": 1996, "level": 13}, {"ability": 5684, "time": 2149, "level": 14}, {"ability": 6141, "time": 2441, "level": 15}, {"ability": 5392, "time": 2457, "level": 16}, {"ability": 5394, "time": 3167, "level": 17}]}, {"account_id": 4294967295, "player_slot": 130, "hero_id": 95, "item_0": 172, "item_1": 50, "item_2": 249, "item_3": 116, "item_4": 154, "item_5": 149, "backpack_0": 51, "backpack_1": 182, "backpack_2": 0, "kills": 12, "deaths": 9, "assists": 9, "leaver_status": 0, "last_hits": 260, "denies": 41, "gold_per_min": 497, "xp_per_min": 694, "level": 25, "hero_damage": 32312, "tower_damage": 3835, "hero_healing": 0, "gold": 856, "gold_spent": 22245, "scaled_hero_damage": 17879, "scaled_tower_damage": 2127, "scaled_hero_healing": 0, "ability_upgrades": [{"ability": 5508, "time": 360, "level": 1}, {"ability": 5509, "time": 419, "level": 2}, {"ability": 5511, "time": 522, "level": 3}, {"ability": 5511, "time": 636, "level": 4}, {"ability": 5511, "time": 688, "level": 5}, {"ability": 5512, "time": 842, "level": 6}, {"ability": 5508, "time": 919, "level": 7}, {"ability": 5511, "time": 1057, "level": 8}, {"ability": 5508, "time": 1123, "level": 9}, {"ability": 5508, "time": 1307, "level": 10}, {"ability": 6029, "time": 1429, "level": 11}, {"ability": 5512, "time": 1457, "level": 12}, {"ability": 5509, "time": 1556, "level": 13}, {"ability": 5510, "time": 1678, "level": 14}, {"ability": 5510, "time": 1810, "level": 15}, {"ability": 6958, "time": 1874, "level": 16}, {"ability": 5512, "time": 1991, "level": 17}, {"ability": 5941, "time": 2214, "level": 18}, {"ability": 6960, "time": 2834, "level": 19}]}, {"account_id": 4294967295, "player_slot": 131, "hero_id": 33, "item_0": 29, "item_1": 65, "item_2": 116, "item_3": 178, "item_4": 1, "item_5": 235, "backpack_0": 0, "backpack_1": 0, "backpack_2": 0, "kills": 6, "deaths": 9, "assists": 16, "leaver_status": 0, "last_hits": 205, "denies": 25, "gold_per_min": 501, "xp_per_min": 655, "level": 25, "hero_damage": 28997, "tower_damage": 1724, "hero_healing": 0, "gold": 3306, "gold_spent": 18720, "scaled_hero_damage": 14184, "scaled_tower_damage": 810, "scaled_hero_healing": 0, "ability_upgrades": [{"ability": 5147, "time": 289, "level": 1}, {"ability": 5146, "time": 502, "level": 2}, {"ability": 5147, "time": 553, "level": 3}, {"ability": 5146, "time": 697, "level": 4}, {"ability": 5147, "time": 812, "level": 5}, {"ability": 5149, "time": 933, "level": 6}, {"ability": 5147, "time": 1030, "level": 7}, {"ability": 5146, "time": 1124, "level": 8}, {"ability": 5146, "time": 1250, "level": 9}, {"ability": 6138, "time": 1279, "level": 10}, {"ability": 5148, "time": 1344, "level": 11}, {"ability": 5149, "time": 1418, "level": 12}, {"ability": 5148, "time": 1554, "level": 13}, {"ability": 5148, "time": 1697, "level": 14}, {"ability": 5951, "time": 1772, "level": 15}, {"ability": 5148, "time": 1909, "level": 16}, {"ability": 5149, "time": 1992, "level": 17}, {"ability": 6235, "time": 2229, "level": 18}, {"ability": 6065, "time": 2828, "level": 19}]}, {"account_id": 4294967295, "player_slot": 132, "hero_id": 72, "item_0": 63, "item_1": 116, "item_2": 139, "item_3": 10, "item_4": 149, "item_5": 154, "backpack_0": 0, "backpack_1": 0, "backpack_2": 0, "kills": 16, "deaths": 12, "assists": 8, "leaver_status": 0, "last_hits": 302, "denies": 25, "gold_per_min": 526, "xp_per_min": 657, "level": 25, "hero_damage": 43112, "tower_damage": 1103, "hero_healing": 0, "gold": 1682, "gold_spent": 20500, "scaled_hero_damage": 23334, "scaled_tower_damage": 658, "scaled_hero_healing": 0, "ability_upgrades": [{"ability": 5361, "time": 250, "level": 1}, {"ability": 5362, "time": 392, "level": 2}, {"ability": 5361, "time": 448, "level": 3}, {"ability": 5362, "time": 557, "level": 4}, {"ability": 5361, "time": 628, "level": 5}, {"ability": 5364, "time": 705, "level": 6}, {"ability": 5361, "time": 776, "level": 7}, {"ability": 5362, "time": 867, "level": 8}, {"ability": 5362, "time": 961, "level": 9}, {"ability": 5363, "time": 1035, "level": 10}, {"ability": 5960, "time": 1128, "level": 11}, {"ability": 5364, "time": 1187, "level": 12}, {"ability": 5363, "time": 1323, "level": 13}, {"ability": 5363, "time": 1530, "level": 14}, {"ability": 6652, "time": 1687, "level": 15}, {"ability": 5363, "time": 1771, "level": 16}, {"ability": 5364, "time": 1973, "level": 17}, {"ability": 6093, "time": 2158, "level": 18}, {"ability": 6216, "time": 2820, "level": 19}]}], "radiant_win": true, "duration": 2948, "pre_game_duration": 90, "start_time": 1544058632, "match_id": 4256624164, "match_seq_num": 3689586645, "tower_status_radiant": 1828, "tower_status_dire": 0, "barracks_status_radiant": 63, "barracks_status_dire": 0, "cluster": 201, "first_blood_time": 17, "lobby_type": 7, "human_players": 10, "leagueid": 0, "positive_votes": 0, "negative_votes": 0, "game_mode": 22, "flags": 0, "engine": 1, "radiant_score": 46, "dire_score": 41, "picks_bans": [{"is_pick": false, "hero_id": 44, "team": 0, "order": 0}, {"is_pick": false, "hero_id": 75, "team": 0, "order": 1}]}}, {"result": {"players": [{"account_id": 4294967295, "player_slot": 0, "hero_id": 57, "item_0": 180, "item_1": 73, "item_2": 162, "item_3": 182, "item_4": 0, "item_5": 0, "backpack_0": 0, "backpack_1": 0, "backpack_2": 0, "kills": 2, "deaths": 9, "assists": 6, "leaver_status": 1, "last_hits": 45, "denies": 0, "gold_per_min": 253, "xp_per_min": 347, "level": 16, "hero_damage": 6421, "tower_damage": 432, "hero_healing": 2411, "gold": 3, "gold_spent": 4655, "scaled_hero_damage": 5856, "scaled_tower_damage": 223, "scaled_hero_healing": 1911, "ability_upgrades": [{"ability": 5263, "time": 222, "level": 1}, {"ability": 5265, "time": 459, "level": 2}, {"ability": 5263, "time": 558, "level": 3}, {"ability": 5265, "time": 697, "level": 4}, {"ability": 5263, "time": 766, "level": 5}, {"ability": 5266, "time": 857, "level": 6}, {"ability": 5263, "time": 1045, "level": 7}, {"ability": 5264, "time": 1132, "level": 8}, {"ability": 5264, "time": 1463, "level": 9}, {"ability": 5265, "time": 1623, "level": 10}, {"ability": 5266, "time": 1706, "level": 11}, {"ability": 5265, "time": 1718, "level": 12}, {"ability": 5264, "time": 1848, "level": 13}, {"ability": 7010, "time": 2129, "level": 14}, {"ability": 5968, "time": 2262, "level": 15}]}, {"account_id": 4294967295, "player_slot": 1, "hero_id": 35, "item_0": 0, "item_1": 0, "item_2": 0, "item_3": 0, "item_4": 0, "item_5": 0, "backpack_0": 0, "backpack_1": 0, "backpack_2": 0, "kills": 5, "deaths": 14, "assists": 5, "leaver_status": 3, "last_hits": 36, "denies": 4, "gold_per_min": 212, "xp_per_min": 154, "level": 10, "hero_damage": 11359, "tower_damage": 592, "hero_healing": 0, "gold": 1, "gold_spent": 5395, "scaled_hero_damage": 9341, "scaled_tower_damage": 305, "scaled_hero_healing": 0, "ability_upgrades": [{"ability": 5154, "time": 221, "level": 1}, {"ability": 5155, "time": 499, "level": 2}, {"ability": 5155, "time": 575, "level": 3}, {"ability": 5154, "time": 735, "level": 4}, {"ability": 5154, "time": 951, "level": 5}, {"ability": 5157, "time": 1060, "level": 6}, {"ability": 5156, "time": 1320, "level": 7}, {"ability": 5155, "time": 1471, "level": 8}, {"ability": 5154, "time": 1859, "level": 9}]}, {"account_id": 4294967295, "player_slot": 2, "hero_id": 79, "item_0": 63, "item_1": 104, "item_2": 0, "item_3": 77, "item_4": 108, "item_5": 0, "backpack_0": 0, "backpack_1": 0, "backpack_2": 0, "kills": 1, "deaths": 7, "assists": 5, "leaver_status": 0, "last_hits": 68, "denies": 14, "gold_per_min": 299, "xp_per_min": 393, "level": 18, "hero_damage": 9296, "tower_damage": 280, "hero_healing": 0, "gold": 503, "gold_spent": 10160, "scaled_hero_damage": 5713, "scaled_tower_damage": 152, "scaled_hero_healing": 0, "ability_upgrades": [{"ability": 5421, "time": 220, "level": 1}, {"ability": 5422, "time": 406, "level": 2}, {"ability": 5422, "time": 579, "level": 3}, {"ability": 5421, "time": 716, "level": 4}, {"ability": 5422, "time": 877, "level": 5}, {"ability": 5425, "time": 983, "level": 6}, {"ability": 5422, "time": 1055, "level": 7}, {"ability": 5421, "time": 1074, "level": 8}, {"ability": 5421, "time": 1190, "level": 9}, {"ability": 7061, "time": 1267, "level": 10}, {"ability": 5423, "time": 1457, "level": 11}, {"ability": 5425, "time": 1545, "level": 12}, {"ability": 5423, "time": 1696, "level": 13}, {"ability": 5423, "time": 2128, "level": 14}, {"ability": 6873, "time": 2233, "level": 15}, {"ability": 5423, "time": 2355, "level": 16}, {"ability": 5425, "time": 2437, "level": 17}]}, {"account_id": 4294967295, "player_slot": 3, "hero_id": 53, "item_0": 63, "item_1": 152, "item_2": 158, "item_3": 141, "item_4": 0, "item_5": 65, "backpack_0": 0, "backpack_1": 0, "backpack_2": 0, "kills": 4, "deaths": 10, "assists": 5, "leaver_status": 0, "last_hits": 249, "denies": 8, "gold_per_min": 611, "xp_per_min": 510, "level": 21, "hero_damage": 26928, "tower_damage": 3489, "hero_healing": 0, "gold": 849, "gold_spent": 17450, "scaled_hero_damage": 13910, "scaled_tower_damage": 1914, "scaled_hero_healing": 0, "ability_upgrades": [{"ability": 5247, "time": 336, "level": 1}, {"ability": 5246, "time": 413, "level": 2}, {"ability": 5246, "time": 490, "level": 3}, {"ability": 5247, "time": 588, "level": 4}, {"ability": 5246, "time": 669, "level": 5}, {"ability": 5248, "time": 789, "level": 6}, {"ability": 5246, "time": 901, "level": 7}, {"ability": 5245, "time": 966, "level": 8}, {"ability": 5247, "time": 1112, "level": 9}, {"ability": 5939, "time": 1268, "level": 10}, {"ability": 5245, "time": 1389, "level": 11}, {"ability": 5248, "time": 1512, "level": 12}, {"ability": 5245, "time": 1689, "level": 13}, {"ability": 5247, "time": 1713, "level": 14}, {"ability": 6004, "time": 1842, "level": 15}, {"ability": 5245, "time": 1897, "level": 16}, {"ability": 5248, "time": 2216, "level": 17}, {"ability": 6210, "time": 2419, "level": 18}]}, {"account_id": 4294967295, "player_slot": 4, "hero_id": 34, "item_0": 1, "item_1": 178, "item_2": 48, "item_3": 42, "item_4": 41, "item_5": 232, "backpack_0": 0, "backpack_1": 0, "backpack_2": 0, "kills": 5, "deaths": 12, "assists": 7, "leaver_status": 0, "last_hits": 140, "denies": 4, "gold_per_min": 449, "xp_per_min": 533, "level": 21, "hero_damage": 32067, "tower_damage": 280, "hero_healing": 125, "gold": 4304, "gold_spent": 9510, "scaled_hero_damage": 19346, "scaled_tower_damage": 135, "scaled_hero_healing": 74, "ability_upgrades": [{"ability": 5150, "time": 308, "level": 1}, {"ability": 5151, "time": 357, "level": 2}, {"ability": 5150, "time": 398, "level": 3}, {"ability": 5152, "time": 461, "level": 4}, {"ability": 5152, "time": 530, "level": 5}, {"ability": 5152, "time": 620, "level": 6}, {"ability": 5152, "time": 725, "level": 7}, {"ability": 5153, "time": 796, "level": 8}, {"ability": 5151, "time": 879, "level": 9}, {"ability": 5996, "time": 1069, "level": 10}, {"ability": 5151, "time": 1321, "level": 11}, {"ability": 5153, "time": 1441, "level": 12}, {"ability": 5151, "time": 1622, "level": 13}, {"ability": 5150, "time": 1868, "level": 14}, {"ability": 6141, "time": 1969, "level": 15}, {"ability": 5150, "time": 2164, "level": 16}, {"ability": 5153, "time": 2371, "level": 17}, {"ability": 6004, "time": 2402, "level": 18}]}, {"account_id": 4294967295, "player_slot": 128, "hero_id": 1, "item_0": 208, "item_1": 147, "item_2": 145, "item_3": 34, "item_4": 63, "item_5": 139, "backpack_0": 0, "backpack_1": 0, "backpack_2": 0, "kills": 12, "deaths": 4, "assists": 7, "leaver_status": 0, "last_hits": 363, "denies": 21, "gold_per_min": 735, "xp_per_min": 804, "level": 25, "hero_damage": 18196, "tower_damage": 9521, "hero_healing": 0, "gold": 3507, "gold_spent": 24825, "scaled_hero_damage": 13073, "scaled_tower_damage": 5214, "scaled_hero_healing": 0, "ability_upgrades": [{"ability": 5003, "time": 300, "level": 1}, {"ability": 5004, "time": 371, "level": 2}, {"ability": 5003, "time": 432, "level": 3}, {"ability": 5004, "time": 537, "level": 4}, {"ability": 5004, "time": 666, "level": 5}, {"ability": 5006, "time": 754, "level": 6}, {"ability": 5004, "time": 906, "level": 7}, {"ability": 5003, "time": 1054, "level": 8}, {"ability": 7314, "time": 1094, "level": 9}, {"ability": 7314, "time": 1255, "level": 10}, {"ability": 5906, "time": 1360, "level": 11}, {"ability": 5006, "time": 1409, "level": 12}, {"ability": 5003, "time": 1513, "level": 13}, {"ability": 7314, "time": 1624, "level": 14}, {"ability": 5929, "time": 1692, "level": 15}, {"ability": 7314, "time": 1745, "level": 16}, {"ability": 5006, "time": 1901, "level": 17}, {"ability": 6800, "time": 2058, "level": 18}, {"ability": 6353, "time": 2368, "level": 19}]}, {"account_id": 4294967295, "player_slot": 129, "hero_id": 73, "item_0": 220, "item_1": 0, "item_2": 11, "item_3": 0, "item_4": 158, "item_5": 137, "backpack_0": 0, "backpack_1": 0, "backpack_2": 0, "kills": 2, "deaths": 2, "assists": 13, "leaver_status": 0, "last_hits": 189, "denies": 24, "gold_per_min": 680, "xp_per_min": 555, "level": 22, "hero_damage": 4331, "tower_damage": 5767, "hero_healing": 0, "gold": 698, "gold_spent": 24280, "scaled_hero_damage": 2618, "scaled_tower_damage": 3519, "scaled_hero_healing": 0, "ability_upgrades": [{"ability": 5368, "time": 220, "level": 1}, {"ability": 5366, "time": 425, "level": 2}, {"ability": 5368, "time": 529, "level": 3}, {"ability": 5366, "time": 553, "level": 4}, {"ability": 5368, "time": 643, "level": 5}, {"ability": 5369, "time": 752, "level": 6}, {"ability": 5368, "time": 847, "level": 7}, {"ability": 5366, "time": 930, "level": 8}, {"ability": 5366, "time": 1025, "level": 9}, {"ability": 6016, "time": 1120, "level": 10}, {"ability": 5365, "time": 1183, "level": 11}, {"ability": 5369, "time": 1242, "level": 12}, {"ability": 5365, "time": 1364, "level": 13}, {"ability": 5365, "time": 1547, "level": 14}, {"ability": 5941, "time": 1646, "level": 15}, {"ability": 5365, "time": 1729, "level": 16}, {"ability": 5369, "time": 2125, "level": 17}, {"ability": 7200, "time": 2294, "level": 18}]}, {"account_id": 451334692, "player_slot": 130, "hero_id": 22, "item_0": 48, "item_1": 59, "item_2": 235, "item_3": 232, "item_4": 259, "item_5": 190, "backpack_0": 69, "backpack_1": 0, "backpack_2": 0, "kills": 21, "deaths": 2, "assists": 13, "leaver_status": 0, "last_hits": 147, "denies": 4, "gold_per_min": 547, "xp_per_min": 754, "level": 25, "hero_damage": 52028, "tower_damage": 1297, "hero_healing": 500, "gold": 1868, "gold_spent": 19190, "scaled_hero_damage": 36042, "scaled_tower_damage": 653, "scaled_hero_healing": 506, "ability_upgrades": [{"ability": 5110, "time": 231, "level": 1}, {"ability": 5111, "time": 403, "level": 2}, {"ability": 5112, "time": 497, "level": 3}, {"ability": 5111, "time": 664, "level": 4}, {"ability": 5111, "time": 720, "level": 5}, {"ability": 5113, "time": 826, "level": 6}, {"ability": 5110, "time": 880, "level": 7}, {"ability": 5111, "time": 952, "level": 8}, {"ability": 5112, "time": 1062, "level": 9}, {"ability": 5110, "time": 1126, "level": 10}, {"ability": 5112, "time": 1243, "level": 11}, {"ability": 5113, "time": 1292, "level": 12}, {"ability": 5933, "time": 1487, "level": 13}, {"ability": 5110, "time": 1510, "level": 14}, {"ability": 6141, "time": 1552, "level": 15}, {"ability": 5112, "time": 1695, "level": 16}, {"ability": 5113, "time": 1891, "level": 17}, {"ability": 5951, "time": 2010, "level": 18}, {"ability": 7117, "time": 2489, "level": 19}]}, {"account_id": 4294967295, "player_slot": 131, "hero_id": 71, "item_0": 151, "item_1": 127, "item_2": 29, "item_3": 92, "item_4": 108, "item_5": 0, "backpack_0": 0, "backpack_1": 0, "backpack_2": 0, "kills": 6, "deaths": 6, "assists": 24, "leaver_status": 0, "last_hits": 42, "denies": 0, "gold_per_min": 334, "xp_per_min": 441, "level": 19, "hero_damage": 14284, "tower_damage": 956, "hero_healing": 0, "gold": 5, "gold_spent": 11035, "scaled_hero_damage": 10543, "scaled_tower_damage": 461, "scaled_hero_healing": 0, "ability_upgrades": [{"ability": 5353, "time": 222, "level": 1}, {"ability": 5355, "time": 425, "level": 2}, {"ability": 5353, "time": 587, "level": 3}, {"ability": 5355, "time": 779, "level": 4}, {"ability": 5353, "time": 854, "level": 5}, {"ability": 5356, "time": 1014, "level": 6}, {"ability": 5355, "time": 1255, "level": 7}, {"ability": 5353, "time": 1285, "level": 8}, {"ability": 5355, "time": 1376, "level": 9}, {"ability": 7019, "time": 1514, "level": 10}, {"ability": 7301, "time": 1574, "level": 11}, {"ability": 5356, "time": 1683, "level": 12}, {"ability": 7301, "time": 1789, "level": 13}, {"ability": 7301, "time": 1893, "level": 14}, {"ability": 7301, "time": 1932, "level": 15}, {"ability": 6730, "time": 2078, "level": 16}, {"ability": 5356, "time": 2303, "level": 17}]}, {"account_id": 4294967295, "player_slot": 132, "hero_id": 26, "item_0": 48, "item_1": 218, "item_2": 77, "item_3": 40, "item_4": 1, "item_5": 259, "backpack_0": 36, "backpack_1": 0, "backpack_2": 0, "kills": 7, "deaths": 5, "assists": 22, "leaver_status": 0, "last_hits": 18, "denies": 2, "gold_per_min": 331, "xp_per_min": 438, "level": 19, "hero_damage": 17960, "tower_damage": 0, "hero_healing": 780, "gold": 826, "gold_spent": 11730, "scaled_hero_damage": 13190, "scaled_tower_damage": 0, "scaled_hero_healing": 613, "ability_upgrades": [{"ability": 5044, "time": 224, "level": 1}, {"ability": 5045, "time": 454, "level": 2}, {"ability": 5046, "time": 542, "level": 3}, {"ability": 5044, "time": 775, "level": 4}, {"ability": 5044, "time": 952, "level": 5}, {"ability": 5047, "time": 990, "level": 6}, {"ability": 5044, "time": 1124, "level": 7}, {"ability": 5045, "time": 1249, "level": 8}, {"ability": 5045, "time": 1291, "level": 9}, {"ability": 5947, "time": 1519, "level": 10}, {"ability": 5045, "time": 1655, "level": 11}, {"ability": 5047, "time": 1717, "level": 12}, {"ability": 5046, "time": 1741, "level": 13}, {"ability": 5046, "time": 2007, "level": 14}, {"ability": 6008, "time": 2133, "level": 15}, {"ability": 5046, "time": 2198, "level": 16}, {"ability": 5047, "time": 2376, "level": 17}]}], "radiant_win": false, "duration": 2187, "pre_game_duration": 90, "start_time": 1544058620, "match_id": 4256624019, "match_seq_num": 3689578960, "tower_status_radiant": 4, "tower_status_dire": 1846, "barracks_status_radiant": 3, "barracks_status_dire": 63, "cluster": 186, "first_blood_time": 146, "lobby_type": 0, "human_players": 10, "leagueid": 0, "positive_votes": 0, "negative_votes": 0, "game_mode": 22, "flags": 0, "engine": 1, "radiant_score": 19, "dire_score": 52, "picks_bans": [{"is_pick": false, "hero_id": 70, "team": 0, "order": 0}, {"is_pick": false, "hero_id": 67, "team": 0, "order": 1}, {"is_pick": false, "hero_id": 44, "team": 0, "order": 2}, {"is_pick": false, "hero_id": 48, "team": 0, "order": 3}]}}, {"result": {"players": [{"account_id": 4294967295, "player_slot": 0, "hero_id": 21, "item_0": 48, "item_1": 250, "item_2": 116, "item_3": 108, "item_4": 166, "item_5": 0, "backpack_0": 0, "backpack_1": 0, "backpack_2": 0, "kills": 11, "deaths": 4, "assists": 6, "leaver_status": 0, "last_hits": 94, "denies": 12, "gold_per_min": 1179, "xp_per_min": 1421, "level": 25, "hero_damage": 19538, "tower_damage": 1118, "hero_healing": 0, "gold": 3306, "gold_spent": 24225, "scaled_hero_damage": 15456, "scaled_tower_damage": 683, "scaled_hero_healing": 0, "ability_upgrades": [{"ability": 5131, "time": 112, "level": 1}, {"ability": 5130, "time": 207, "level": 2}, {"ability": 5131, "time": 234, "level": 3}, {"ability": 5132, "time": 281, "level": 4}, {"ability": 5131, "time": 325, "level": 5}, {"ability": 5133, "time": 338, "level": 6}, {"ability": 5131, "time": 383, "level": 7}, {"ability": 5130, "time": 403, "level": 8}, {"ability": 5132, "time": 420, "level": 9}, {"ability": 5132, "time": 476, "level": 10}, {"ability": 5133, "time": 534, "level": 11}, {"ability": 5130, "time": 546, "level": 12}, {"ability": 5132, "time": 569, "level": 13}, {"ability": 5130, "time": 650, "level": 14}, {"ability": 6413, "time": 804, "level": 15}, {"ability": 5943, "time": 918, "level": 16}, {"ability": 5133, "time": 970, "level": 17}, {"ability": 6144, "time": 1044, "level": 18}, {"ability": 6561, "time": 1321, "level": 19}]}, {"account_id": 35097498, "player_slot": 1, "hero_id": 50, "item_0": 77, "item_1": 77, "item_2": 48, "item_3": 168, "item_4": 277, "item_5": 235, "backpack_0": 0, "backpack_1": 0, "backpack_2": 0, "kills": 4, "deaths": 4, "assists": 14, "leaver_status": 0, "last_hits": 52, "denies": 4, "gold_per_min": 814, "xp_per_min": 1277, "level": 25, "hero_damage": 10937, "tower_damage": 918, "hero_healing": 3765, "gold": 1085, "gold_spent": 17870, "scaled_hero_damage": 7915, "scaled_tower_damage": 768, "scaled_hero_healing": 2550, "ability_upgrades": [{"ability": 5235, "time": 204, "level": 1}, {"ability": 5233, "time": 221, "level": 2}, {"ability": 5235, "time": 282, "level": 3}, {"ability": 5234, "time": 343, "level": 4}, {"ability": 5235, "time": 432, "level": 5}, {"ability": 7304, "time": 495, "level": 6}, {"ability": 5235, "time": 538, "level": 7}, {"ability": 5233, "time": 557, "level": 8}, {"ability": 5233, "time": 622, "level": 9}, {"ability": 5942, "time": 653, "level": 10}, {"ability": 5234, "time": 699, "level": 11}, {"ability": 7304, "time": 776, "level": 12}, {"ability": 5233, "time": 811, "level": 13}, {"ability": 6197, "time": 949, "level": 14}, {"ability": 5234, "time": 958, "level": 15}, {"ability": 5234, "time": 1066, "level": 16}, {"ability": 7304, "time": 1147, "level": 17}, {"ability": 6528, "time": 1257, "level": 18}, {"ability": 6049, "time": 1438, "level": 19}]}, {"account_id": 4294967295, "player_slot": 2, "hero_id": 64, "item_0": 114, "item_1": 36, "item_2": 129, "item_3": 259, "item_4": 180, "item_5": 232, "backpack_0": 42, "backpack_1": 0, "backpack_2": 0, "kills": 8, "deaths": 7, "assists": 10, "leaver_status": 0, "last_hits": 34, "denies": 2, "gold_per_min": 794, "xp_per_min": 888, "level": 21, "hero_damage": 16840, "tower_damage": 1086, "hero_healing": 0, "gold": 1981, "gold_spent": 16340, "scaled_hero_damage": 13130, "scaled_tower_damage": 648, "scaled_hero_healing": 0, "ability_upgrades": [{"ability": 5297, "time": 117, "level": 1}, {"ability": 5299, "time": 220, "level": 2}, {"ability": 5299, "time": 287, "level": 3}, {"ability": 5297, "time": 312, "level": 4}, {"ability": 5299, "time": 330, "level": 5}, {"ability": 5300, "time": 404, "level": 6}, {"ability": 5297, "time": 477, "level": 7}, {"ability": 5298, "time": 508, "level": 8}, {"ability": 5297, "time": 565, "level": 9}, {"ability": 5298, "time": 625, "level": 10}, {"ability": 5298, "time": 702, "level": 11}, {"ability": 5300, "time": 748, "level": 12}, {"ability": 5299, "time": 779, "level": 13}, {"ability": 5949, "time": 823, "level": 14}, {"ability": 5298, "time": 1025, "level": 15}, {"ability": 6381, "time": 1029, "level": 16}, {"ability": 5300, "time": 1156, "level": 17}, {"ability": 6661, "time": 1237, "level": 18}]}, {"account_id": 4294967295, "player_slot": 3, "hero_id": 1, "item_0": 147, "item_1": 53, "item_2": 145, "item_3": 208, "item_4": 135, "item_5": 48, "backpack_0": 0, "backpack_1": 0, "backpack_2": 0, "kills": 6, "deaths": 4, "assists": 7, "leaver_status": 0, "last_hits": 133, "denies": 13, "gold_per_min": 1211, "xp_per_min": 1514, "level": 25, "hero_damage": 13782, "tower_damage": 6591, "hero_healing": 0, "gold": 982, "gold_spent": 27255, "scaled_hero_damage": 10464, "scaled_tower_damage": 3565, "scaled_hero_healing": 0, "ability_upgrades": [{"ability": 5003, "time": 165, "level": 1}, {"ability": 5004, "time": 246, "level": 2}, {"ability": 5003, "time": 286, "level": 3}, {"ability": 5004, "time": 336, "level": 4}, {"ability": 5003, "time": 423, "level": 5}, {"ability": 5006, "time": 455, "level": 6}, {"ability": 5003, "time": 493, "level": 7}, {"ability": 7314, "time": 543, "level": 8}, {"ability": 7314, "time": 621, "level": 9}, {"ability": 6137, "time": 655, "level": 10}, {"ability": 5004, "time": 760, "level": 11}, {"ability": 5006, "time": 778, "level": 12}, {"ability": 5004, "time": 931, "level": 13}, {"ability": 7314, "time": 945, "level": 14}, {"ability": 5929, "time": 976, "level": 15}, {"ability": 7314, "time": 1058, "level": 16}, {"ability": 5006, "time": 1138, "level": 17}, {"ability": 6012, "time": 1167, "level": 18}, {"ability": 6607, "time": 1299, "level": 19}]}, {"account_id": 4294967295, "player_slot": 4, "hero_id": 27, "item_0": 254, "item_1": 110, "item_2": 37, "item_3": 180, "item_4": 36, "item_5": 108, "backpack_0": 0, "backpack_1": 0, "backpack_2": 0, "kills": 1, "deaths": 3, "assists": 7, "leaver_status": 0, "last_hits": 54, "denies": 1, "gold_per_min": 740, "xp_per_min": 882, "level": 21, "hero_damage": 6831, "tower_damage": 7718, "hero_healing": 0, "gold": 1460, "gold_spent": 15675, "scaled_hero_damage": 5900, "scaled_tower_damage": 4438, "scaled_hero_healing": 0, "ability_upgrades": [{"ability": 5078, "time": 137, "level": 1}, {"ability": 5080, "time": 249, "level": 2}, {"ability": 5078, "time": 286, "level": 3}, {"ability": 5079, "time": 336, "level": 4}, {"ability": 5080, "time": 423, "level": 5}, {"ability": 5081, "time": 514, "level": 6}, {"ability": 5078, "time": 540, "level": 7}, {"ability": 5078, "time": 611, "level": 8}, {"ability": 5080, "time": 620, "level": 9}, {"ability": 5959, "time": 652, "level": 10}, {"ability": 5079, "time": 808, "level": 11}, {"ability": 5081, "time": 811, "level": 12}, {"ability": 5079, "time": 881, "level": 13}, {"ability": 5080, "time": 951, "level": 14}, {"ability": 5079, "time": 1112, "level": 15}, {"ability": 6877, "time": 1136, "level": 16}, {"ability": 5081, "time": 1152, "level": 17}, {"ability": 6052, "time": 1246, "level": 18}]}, {"account_id": 112896381, "player_slot": 128, "hero_id": 31, "item_0": 180, "item_1": 102, "item_2": 36, "item_3": 259, "item_4": 108, "item_5": 39, "backpack_0": 38, "backpack_1": 0, "backpack_2": 0, "kills": 4, "deaths": 4, "assists": 7, "leaver_status": 0, "last_hits": 37, "denies": 1, "gold_per_min": 627, "xp_per_min": 1086, "level": 23, "hero_damage": 11804, "tower_damage": 0, "hero_healing": 0, "gold": 2090, "gold_spent": 12700, "scaled_hero_damage": 8486, "scaled_tower_damage": 0, "scaled_hero_healing": 0, "ability_upgrades": [{"ability": 5136, "time": 166, "level": 1}, {"ability": 5134, "time": 239, "level": 2}, {"ability": 5136, "time": 275, "level": 3}, {"ability": 7325, "time": 401, "level": 4}, {"ability": 5136, "time": 473, "level": 5}, {"ability": 5137, "time": 553, "level": 6}, {"ability": 5136, "time": 575, "level": 7}, {"ability": 5134, "time": 580, "level": 8}, {"ability": 5134, "time": 616, "level": 9}, {"ability": 5918, "time": 683, "level": 10}, {"ability": 5134, "time": 740, "level": 11}, {"ability": 5137, "time": 870, "level": 12}, {"ability": 7325, "time": 878, "level": 13}, {"ability": 7325, "time": 919, "level": 14}, {"ability": 6387, "time": 1029, "level": 15}, {"ability": 7325, "time": 1032, "level": 16}, {"ability": 5137, "time": 1146, "level": 17}, {"ability": 7360, "time": 1231, "level": 18}]}, {"account_id": 44043950, "player_slot": 129, "hero_id": 106, "item_0": 182, "item_1": 145, "item_2": 63, "item_3": 166, "item_4": 141, "item_5": 0, "backpack_0": 0, "backpack_1": 0, "backpack_2": 0, "kills": 2, "deaths": 4, "assists": 10, "leaver_status": 0, "last_hits": 55, "denies": 3, "gold_per_min": 649, "xp_per_min": 1392, "level": 25, "hero_damage": 11287, "tower_damage": 384, "hero_healing": 0, "gold": 207, "gold_spent": 14830, "scaled_hero_damage": 6081, "scaled_tower_damage": 208, "scaled_hero_healing": 0, "ability_upgrades": [{"ability": 5605, "time": 233, "level": 1}, {"ability": 5603, "time": 250, "level": 2}, {"ability": 5604, "time": 303, "level": 3}, {"ability": 5603, "time": 395, "level": 4}, {"ability": 5605, "time": 484, "level": 5}, {"ability": 5606, "time": 504, "level": 6}, {"ability": 5605, "time": 570, "level": 7}, {"ability": 5605, "time": 602, "level": 8}, {"ability": 5603, "time": 696, "level": 9}, {"ability": 6172, "time": 712, "level": 10}, {"ability": 5603, "time": 728, "level": 11}, {"ability": 5606, "time": 881, "level": 12}, {"ability": 5604, "time": 883, "level": 13}, {"ability": 5604, "time": 953, "level": 14}, {"ability": 6176, "time": 1016, "level": 15}, {"ability": 5604, "time": 1051, "level": 16}, {"ability": 5606, "time": 1186, "level": 17}, {"ability": 5989, "time": 1279, "level": 18}, {"ability": 7050, "time": 1381, "level": 19}]}, {"account_id": 4294967295, "player_slot": 130, "hero_id": 79, "item_0": 231, "item_1": 77, "item_2": 96, "item_3": 0, "item_4": 131, "item_5": 244, "backpack_0": 0, "backpack_1": 0, "backpack_2": 0, "kills": 6, "deaths": 7, "assists": 9, "leaver_status": 0, "last_hits": 34, "denies": 1, "gold_per_min": 756, "xp_per_min": 1483, "level": 25, "hero_damage": 14135, "tower_damage": 242, "hero_healing": 279, "gold": 191, "gold_spent": 15470, "scaled_hero_damage": 10269, "scaled_tower_damage": 134, "scaled_hero_healing": 88, "ability_upgrades": [{"ability": 5423, "time": 209, "level": 1}, {"ability": 5421, "time": 231, "level": 2}, {"ability": 5423, "time": 269, "level": 3}, {"ability": 5421, "time": 349, "level": 4}, {"ability": 5423, "time": 394, "level": 5}, {"ability": 5425, "time": 480, "level": 6}, {"ability": 5421, "time": 576, "level": 7}, {"ability": 5422, "time": 580, "level": 8}, {"ability": 5421, "time": 610, "level": 9}, {"ability": 5422, "time": 689, "level": 10}, {"ability": 5422, "time": 700, "level": 11}, {"ability": 5425, "time": 713, "level": 12}, {"ability": 7061, "time": 794, "level": 13}, {"ability": 5422, "time": 869, "level": 14}, {"ability": 6141, "time": 908, "level": 15}, {"ability": 5423, "time": 911, "level": 16}, {"ability": 5425, "time": 1014, "level": 17}, {"ability": 6542, "time": 1186, "level": 18}, {"ability": 7118, "time": 1334, "level": 19}]}, {"account_id": 4294967295, "player_slot": 131, "hero_id": 45, "item_0": 59, "item_1": 206, "item_2": 48, "item_3": 108, "item_4": 57, "item_5": 0, "backpack_0": 0, "backpack_1": 0, "backpack_2": 0, "kills": 1, "deaths": 8, "assists": 16, "leaver_status": 0, "last_hits": 47, "denies": 0, "gold_per_min": 646, "xp_per_min": 1145, "level": 24, "hero_damage": 15310, "tower_damage": 129, "hero_healing": 0, "gold": 478, "gold_spent": 16195, "scaled_hero_damage": 9305, "scaled_tower_damage": 56, "scaled_hero_healing": 0, "ability_upgrades": [{"ability": 5186, "time": 262, "level": 1}, {"ability": 5187, "time": 300, "level": 2}, {"ability": 5186, "time": 348, "level": 3}, {"ability": 5186, "time": 419, "level": 4}, {"ability": 5189, "time": 481, "level": 5}, {"ability": 5186, "time": 544, "level": 6}, {"ability": 5187, "time": 604, "level": 7}, {"ability": 5187, "time": 630, "level": 8}, {"ability": 5189, "time": 709, "level": 9}, {"ability": 5188, "time": 710, "level": 10}, {"ability": 5188, "time": 711, "level": 11}, {"ability": 5918, "time": 842, "level": 12}, {"ability": 5187, "time": 888, "level": 13}, {"ability": 5188, "time": 990, "level": 14}, {"ability": 6448, "time": 1055, "level": 15}, {"ability": 5189, "time": 1147, "level": 16}, {"ability": 6220, "time": 1260, "level": 17}]}, {"account_id": 83529130, "player_slot": 132, "hero_id": 44, "item_0": 116, "item_1": 26, "item_2": 135, "item_3": 63, "item_4": 75, "item_5": 168, "backpack_0": 0, "backpack_1": 0, "backpack_2": 0, "kills": 8, "deaths": 7, "assists": 5, "leaver_status": 0, "last_hits": 83, "denies": 5, "gold_per_min": 827, "xp_per_min": 1108, "level": 24, "hero_damage": 20067, "tower_damage": 812, "hero_healing": 0, "gold": 1046, "gold_spent": 16225, "scaled_hero_damage": 12019, "scaled_tower_damage": 413, "scaled_hero_healing": 0, "ability_upgrades": [{"ability": 5192, "time": 195, "level": 1}, {"ability": 5190, "time": 231, "level": 2}, {"ability": 5190, "time": 282, "level": 3}, {"ability": 5191, "time": 283, "level": 4}, {"ability": 5190, "time": 306, "level": 5}, {"ability": 5193, "time": 354, "level": 6}, {"ability": 5190, "time": 455, "level": 7}, {"ability": 5191, "time": 513, "level": 8}, {"ability": 5191, "time": 604, "level": 9}, {"ability": 5938, "time": 637, "level": 10}, {"ability": 5193, "time": 709, "level": 11}, {"ability": 5191, "time": 710, "level": 12}, {"ability": 5192, "time": 711, "level": 13}, {"ability": 5192, "time": 757, "level": 14}, {"ability": 7383, "time": 857, "level": 15}, {"ability": 5192, "time": 903, "level": 16}, {"ability": 5193, "time": 1096, "level": 17}, {"ability": 6192, "time": 1338, "level": 18}]}], "radiant_win": true, "duration": 1334, "pre_game_duration": 60, "start_time": 1544058591, "match_id": 4256623817, "match_seq_num": 3689569204, "tower_status_radiant": 2023, "tower_status_dire": 4, "barracks_status_radiant": 63, "barracks_status_dire": 3, "cluster": 111, "first_blood_time": 96, "lobby_type": 0, "human_players": 10, "leagueid": 0, "positive_votes": 0, "negative_votes": 0, "game_mode": 23, "flags": 0, "engine": 1, "radiant_score": 30, "dire_score": 22, "picks_bans": [{"is_pick": false, "hero_id": 90, "team": 0, "order": 0}, {"is_pick": false, "hero_id": 32, "team": 0, "order": 1}, {"is_pick": false, "hero_id": 81, "team": 0, "order": 2}, {"is_pick": false, "hero_id": 35, "team": 0, "order": 3}, {"is_pick": false, "hero_id": 26, "team": 0, "order": 4}, {"is_pick": false, "hero_id": 93, "team": 1, "order": 5}, {"is_pick": false, "hero_id": 82, "team": 1, "order": 6}]}}, {}, {}, {}, {}, {}, {}, {}, {}, {}, {}, {}, {}, {}, {}, {}, {}, {}, {}, {}, {}, {}, {}, {}, {}, {}, {}, {}, {}, {}, {}, {}, {}, {}, {}, {}, {}, {}, {}, {}, {}, {}, {}, {}, {}, {}, {}, {}, {}, {}, {}, {}, {}, {}, {}, {}, {}, {}, {}, {}, {}, {}, {}, {}, {}, {}, {}, {}, {}, {}, {}, {}, {}, {}, {}, {}, {}, {}, {}, {}, {}, {}, {}, {}, {}, {}, {}, {}, {}, {}, {}, {}, {}, {}, {}, {}, {}, {}, {}, {}, {}, {}, {}, {}, {}, {}, {}, {}, {}, {}, {}, {}, {}, {}, {}, {}, {}, {}, {}, {}, {}, {}, {}, {}, {}, {}, {}, {}, {}, {}, {}, {}, {}, {}, {}, {}, {}, {}, {}, {}, {}, {}, {}, {}, {}, {}, {}, {}, {}, {}, {}, {}, {}, {}, {}, {}, {}, {}, {}, {}, {}, {}, {}, {}, {}, {}, {}, {}, {}, {}, {}, {}, {}, {}, {}, {}, {}, {}, {}, {}, {}, {}, {}, {}, {}, {}, {}, {}, {}, {}, {}, {}, {}, {}, {}, {}, {}, {}, {}, {}, {}, {}, {}, {}, {}, {}, {}, {}, {}, {}, {}, {}, {}, {}, {}, {}, {}, {}, {}, {}, {}, {}, {}, {}, {}, {}, {}, {}, {}, {}, {}, {}, {}, {}, {}, {}, {}, {}, {}, {}, {}, {}, {}, {}, {}, {}, {}, {}, {}, {}, {}, {}, {}, {}, {}, {}, {}, {}, {}, {}, {}, {}, {}, {}, {}, {}, {}, {}, {}, {}, {}, {}, {}, {}, {}, {}, {}, {}, {}, {}, {}, {}, {}, {}, {}, {}, {}, {}, {}, {}, {}, {}, {}, {}, {}, {}, {}, {}, {}, {}, {}, {}, {}, {}, {}, {}, {}, {}, {}, {}, {}, {}, {}, {}, {}, {}, {}, {}, {}, {}, {}, {}, {}, {}, {}, {}, {}, {}, {}, {}, {}, {}, {}, {}, {}, {}, {}, {}, {}, {}, {}, {}, {}, {}, {}, {}, {}, {}, {}, {}, {}, {}, {}, {}, {}, {}, {}, {}, {}, {}, {}, {}, {}, {}, {}, {}, {}, {}, {}, {}, {}, {}, {}, {}, {}, {}, {}, {}, {}, {}, {}, {}, {}, {}, {}, {}, {}, {}, {}, {}, {}, {}, {}, {}, {}, {}, {}, {}, {}, {}, {}, {}, {}, {}, {}, {}, {}, {}, {}, {}, {}, {}, {}, {}, {}, {}, {}, {}, {}, {}, {}, {}, {}, {}, {}, {}, {}, {}, {}, {}, {}, {}, {}, {}, {}, {}, {}, {}, {}, {}, {}, {}, {}, {}, {}, {}, {}, {}, {}, {}, {}, {}, {}, {}, {}, {}, {}, {}, {}, {}, {}, {}, {}, {}, {}, {}, {}, {}, {}, {}, {}, {}, {}, {}, {}, {}, {}, {}, {}, {}, {}, {}, {}, {}, {}, {}, {}, {}, {}, {}, {}, {}, {}, {}, {}, {}, {}, {}]